100, 1192
101, 781
102, 525
103, 3613
104, 578
105, 1386
106, 1682
107, 1284
108, 1018
109, 590
110, 1522
111, 811
112, 1753
113, 722
114, 711
115, 460
116, 895
117, 971
118, 2293
119, 800
120, 1414
121, 1072
122, 1270
123, 689
124, 396
125, 1013
126, 692
127, 318
128, 1946
129, 1172
130, 1325
131, 760
132, 698
133, 299
134, 833
135, 664
136, 1044
137, 438
139, 868
140, 1450
141, 853
142, 904
144, 723
145, 920
147, 698
148, 956
149, 343
150, 1512
151, 295
152, 1042
153, 398
154, 562
155, 491
156, 782
157, 676
158, 721
159, 479
160, 393
161, 736
162, 352
163, 2311
164, 544
165, 759
166, 1890
167, 559
168, 698
169, 619
170, 846
171, 833
172, 755
173, 244
174, 1040
175, 989
176, 882
177, 970
178, 564
179, 2536
180, 438
181, 599
182, 1180
183, 478
184, 675
185, 534
186, 17
187, 1251
188, 626
189, 1220
190, 943
191, 1274
192, 1039
193, 746
194, 2184
195, 686
196, 598
197, 669
198, 1344
199, 1409
200, 585
201, 589
202, 516
203, 1378
204, 1209
205, 1513
206, 1655
207, 714
208, 607
209, 1285
210, 452
211, 1368
212, 406
213, 966
214, 535
215, 942
216, 1095
217, 767
218, 545
219, 981
220, 982
221, 585
222, 1038
223, 995
224, 878
225, 729
226, 500
227, 854
228, 401
229, 482
230, 874
231, 2843
232, 2730
233, 1145
234, 540
235, 804
236, 689
237, 1286
238, 2631
239, 802
240, 1218
241, 2437
242, 1554
243, 644
244, 755
245, 154
246, 452
247, 1578
248, 1165
249, 402
250, 521
251, 230
252, 836
253, 897
254, 1497
255, 3783
256, 1521
257, 1167
258, 587
259, 792
260, 927
261, 1152
262, 1220
263, 1080
264, 2662
266, 398
267, 790
268, 933
269, 456
270, 1336
271, 650
272, 1633
273, 1343
274, 1084
275, 626
276, 522
277, 875
278, 521
279, 918
280, 855
281, 764
282, 1610
283, 340
284, 507
285, 3692
286, 2036
287, 1478
288, 1002
289, 869
290, 839
291, 2018
292, 677
293, 764
294, 1726
295, 650
296, 1258
297, 897
298, 954
299, 1058
300, 738
301, 1696
302, 664
303, 1221
304, 338
305, 894
306, 1494
307, 842
308, 913
309, 318
310, 1038
311, 590
312, 472
313, 509
314, 912
315, 1316
317, 484
318, 1382
319, 1031
321, 646
322, 453
323, 1492
324, 901
325, 1004
326, 585
327, 672
328, 1297
329, 747
330, 619
331, 336
332, 3680
333, 1103
334, 1382
335, 1112
336, 674
337, 1852
338, 660
339, 464
340, 851
341, 333
342, 5987
343, 559
344, 1108
345, 999
346, 583
347, 930
348, 985
349, 1180
350, 556
351, 3833
352, 873
353, 940
354, 2008
355, 623
356, 1169
357, 1419
358, 959
359, 4290
360, 827
362, 2063
363, 1286
364, 689
365, 365
366, 1161
367, 665
368, 473
369, 442
370, 1471
371, 658
372, 808
373, 1405
374, 619
375, 1182
376, 786
377, 499
378, 1571
379, 453
380, 376
381, 496
382, 725
383, 730
384, 1522
385, 445
386, 716
387, 1152
388, 490
389, 424
390, 593
391, 634
392, 1047
393, 620
394, 776
395, 442
396, 1819
397, 636
398, 888
399, 1071
400, 2174
402, 674
403, 491
404, 2221
405, 1201
406, 696
407, 1069
408, 1171
409, 441
410, 1314
411, 696
413, 935
414, 1801
415, 904
416, 481
417, 653
418, 846
419, 776
420, 1402
421, 862
422, 558
423, 801
424, 628
425, 861
426, 784
427, 529
428, 831
429, 678
430, 1266
431, 501
433, 512
434, 798
435, 1481
436, 422
437, 1135
438, 481
439, 880
440, 655
441, 834
442, 705
443, 842
444, 380
445, 1317
446, 585
447, 1027
448, 661
449, 522
450, 793
451, 487
452, 549
453, 2852
454, 588
455, 307
456, 401
457, 1199
458, 1277
459, 815
460, 1083
462, 385
463, 644
464, 1008
465, 638
466, 2914
467, 898
468, 938
469, 1037
470, 751
471, 800
472, 1093
473, 1310
474, 840
475, 1458
476, 519
477, 553
478, 540
479, 365
480, 479
481, 746
482, 617
483, 675
484, 1364
485, 314
486, 620
487, 750
488, 454
489, 875
490, 633
491, 1404
492, 966
493, 927
494, 581
495, 523
496, 976
497, 872
498, 874
499, 506
500, 667
501, 762
502, 1089
503, 781
504, 984
505, 1104
506, 396
507, 1276
508, 1610
509, 870
510, 973
511, 1837
512, 1108
513, 565
514, 1607
515, 1017
516, 639
517, 714
518, 1638
519, 704
520, 1017
521, 912
522, 955
523, 681
524, 326
525, 612
526, 577
527, 461
528, 620
529, 245
530, 267
531, 1143
532, 442
533, 753
534, 464
535, 893
536, 1345
537, 1166
538, 1196
539, 665
540, 578
541, 810
542, 2023
543, 658
544, 1563
545, 1242
546, 605
547, 1015
548, 419
549, 622
550, 1092
551, 614
552, 702
553, 952
554, 1221
555, 525
556, 527
557, 699
558, 1485
559, 643
560, 492
561, 1209
562, 610
563, 1145
564, 1316
565, 501
566, 961
567, 857
568, 558
569, 427
570, 1593
571, 945
572, 928
573, 388
574, 2409
575, 651
576, 1151
577, 1100
578, 578
579, 986
580, 807
581, 320
582, 1057
583, 648
584, 538
585, 556
586, 369
587, 512
588, 763
589, 838
590, 435
591, 757
592, 1774
593, 695
594, 1333
595, 948
596, 1219
597, 1767
598, 465
599, 1059
601, 946
602, 2248
603, 1461
604, 2294
605, 369
606, 1427
607, 727
608, 759
609, 1090
610, 1122
611, 657
612, 1380
613, 592
614, 774
615, 716
616, 1305
617, 1041
618, 544
619, 616
620, 584
621, 899
622, 1967
623, 1416
624, 1398
625, 1048
626, 549
627, 392
628, 983
629, 2949
630, 943
632, 914
633, 1446
634, 666
635, 902
636, 586
637, 594
638, 2925
639, 980
640, 679
642, 720
643, 7458
644, 1746
645, 2239
646, 762
647, 710
648, 796
649, 862
650, 516
651, 345
653, 585
654, 2025
655, 723
656, 753
657, 840
658, 1007
659, 797
660, 867
661, 1396
662, 1187
663, 751
664, 1013
665, 419
666, 1699
667, 1029
669, 545
670, 1156
671, 681
672, 2685
673, 1059
674, 1006
675, 509
676, 600
677, 344
678, 653
679, 547
680, 845
681, 426
682, 931
683, 982
684, 1547
685, 961
686, 629
687, 2001
688, 952
689, 859
690, 709
691, 1837
692, 586
693, 1028
694, 2255
696, 1303
697, 645
698, 1289
699, 763
700, 960
701, 1122
702, 961
703, 577
704, 754
705, 716
706, 958
707, 337
708, 709
709, 321
710, 852
711, 657
713, 531
714, 1579
715, 1370
716, 925
717, 1400
718, 424
719, 1296
720, 2673
721, 901
722, 1165
723, 1458
724, 625
725, 682
726, 1437
727, 601
728, 726
729, 507
730, 495
731, 963
732, 247
733, 870
734, 825
735, 1057
736, 7420
737, 561
738, 1618
739, 1589
740, 1299
741, 1424
742, 583
743, 1274
744, 1990
745, 523
746, 1317
747, 1111
748, 3860
749, 401
750, 591
751, 594
752, 1215
753, 748
754, 916
755, 876
756, 745
757, 510
758, 1364
759, 1015
760, 1251
762, 308
763, 1203
764, 766
765, 303
766, 445
767, 875
768, 607
769, 1006
770, 850
771, 728
772, 2591
774, 624
775, 751
776, 1117
777, 1272
778, 532
779, 464
780, 778
781, 1031
782, 1008
783, 1896
784, 1344
785, 784
786, 577
787, 934
788, 353
789, 579
790, 676
791, 359
792, 695
793, 1037
794, 546
795, 591
796, 1680
797, 633
798, 833
799, 834
800, 1299
801, 793
802, 729
803, 557
804, 1455
805, 588
806, 740
807, 829
808, 872
809, 479
810, 611
811, 1868
812, 669
813, 861
814, 798
815, 240
816, 812
817, 875
818, 1435
819, 1510
820, 590
821, 5410
822, 685
823, 1360
824, 959
825, 1931
826, 355
827, 1403
828, 2658
829, 1441
830, 504
831, 2256
832, 910
833, 831
834, 460
835, 1930
836, 767
837, 457
838, 814
839, 385
840, 1148
841, 639
842, 1530
843, 406
844, 427
845, 547
846, 869
848, 624
849, 389
850, 503
851, 335
852, 503
853, 462
854, 636
855, 606
856, 1011
858, 861
859, 598
861, 1377
862, 433
863, 511
864, 3167
865, 1091
866, 572
867, 372
868, 791
869, 1799
870, 868
871, 613
872, 320
873, 1363
874, 672
875, 932
876, 508
877, 830
878, 572
879, 764
880, 504
881, 971
882, 564
883, 410
884, 1234
885, 448
886, 449
887, 684
888, 1056
889, 983
890, 981
891, 3778
892, 799
893, 585
894, 548
895, 507
896, 2075
897, 790
898, 1677
899, 895
901, 1355
902, 328
903, 849
904, 476
905, 454
906, 888
907, 2681
908, 1283
909, 780
910, 1235
911, 893
912, 1275
913, 385
914, 797
915, 1102
916, 799
917, 526
918, 433
919, 592
921, 1533
922, 2036
923, 1383
924, 664
925, 968
926, 868
927, 654
928, 1274
929, 461
930, 792
931, 281
932, 1118
933, 809
934, 721
935, 5276
936, 1009
937, 594
938, 1002
939, 1229
941, 1237
942, 506
943, 1565
945, 833
946, 657
947, 1426
948, 2679
949, 888
950, 874
951, 1693
952, 1822
953, 1375
954, 620
955, 927
956, 838
957, 1024
958, 1100
959, 905
961, 1186
962, 866
963, 771
964, 638
965, 948
966, 636
967, 1017
968, 696
969, 647
971, 838
972, 1523
973, 568
974, 1310
975, 561
976, 533
977, 2030
978, 729
979, 1149
980, 908
981, 1475
982, 523
983, 1604
984, 407
985, 991
986, 1825
987, 993
988, 347
989, 629
991, 612
992, 1104
993, 683
994, 738
995, 756
996, 543
997, 814
998, 646
1000, 2005
1001, 959
1002, 565
1003, 596
1004, 784
1005, 660
1006, 575
1007, 476
1008, 690
1009, 831
1010, 1031
1011, 1114
1012, 819
1013, 1307
1014, 586
1015, 2412
1016, 622
1017, 909
1018, 535
1019, 1552
1020, 1113
1021, 488
1022, 1151
1023, 615
1024, 425
1025, 1038
1026, 811
1027, 567
1028, 913
1029, 692
1030, 1107
1031, 1115
1032, 1299
1033, 556
1034, 1448
1035, 1236
1036, 2023
1037, 1008
1038, 813
1039, 1738
1040, 595
1041, 781
1042, 1761
1043, 993
1044, 585
1045, 287
1046, 1909
1047, 1011
1048, 1102
1049, 482
1050, 2786
1051, 1645
1052, 1913
1053, 715
1054, 510
1055, 1168
1056, 1937
1057, 436
1058, 832
1059, 657
1060, 503
1061, 1434
1062, 544
1063, 737
1064, 589
1065, 632
1066, 928
1067, 663
1068, 641
1069, 1398
1070, 720
1071, 1485
1072, 835
1073, 1341
1075, 2174
1076, 611
1077, 1694
1078, 2345
1080, 637
1081, 903
1082, 582
1083, 899
1084, 849
1085, 1529
1086, 1332
1087, 596
1088, 830
1089, 1083
1090, 924
1091, 560
1092, 747
1093, 872
1094, 559
1095, 2545
1096, 481
1097, 1082
1098, 434
1099, 1281
1100, 1547
1101, 1465
1102, 1211
1103, 808
1104, 471
1105, 827
1106, 408
1107, 698
1108, 672
1109, 1352
1110, 817
1111, 777
1112, 1288
1113, 911
1114, 1276
1115, 1903
1116, 925
1118, 1271
1119, 635
1120, 1010
1121, 1513
1122, 615
1123, 1285
1124, 2368
1125, 867
1126, 685
1127, 1692
1128, 575
1129, 1137
1130, 1666
1131, 955
1132, 580
1133, 1284
1134, 536
1135, 1131
1136, 521
1137, 715
1138, 978
1139, 1958
1140, 1396
1141, 1560
1142, 723
1143, 926
1144, 1023
1145, 1073
1146, 1526
1147, 1649
1148, 1386
1149, 2528
1150, 2139
1151, 549
1152, 524
1153, 1049
1154, 661
1155, 1275
1157, 1259
1158, 803
1159, 77
1160, 890
1161, 752
1163, 1514
1164, 499
1165, 815
1166, 2218
1167, 533
1168, 1649
1169, 642
1170, 823
1172, 1534
1173, 2495
1175, 1222
1177, 1273
1178, 990
1179, 1608
1180, 623
1181, 1654
1182, 348
1183, 947
1184, 1762
1185, 803
1186, 822
1187, 344
1188, 1054
1189, 722
1190, 2726
1191, 816
1192, 656
1193, 1013
1194, 1264
1195, 790
1196, 614
1197, 1333
1199, 530
1200, 971
1201, 942
1202, 944
1203, 824
1204, 1058
1205, 1420
1206, 1306
1207, 640
1208, 409
1209, 1199
1210, 633
1211, 945
1212, 1402
1213, 564
1214, 1067
1215, 1501
1217, 737
1218, 1467
1219, 1087
1220, 1695
1221, 928
1222, 1042
1223, 1138
1224, 496
1225, 631
1226, 681
1227, 1523
1228, 551
1229, 1484
1230, 1493
1231, 997
1232, 1445
1233, 2618
1234, 1061
1235, 1228
1236, 731
1237, 1411
1238, 1736
1239, 632
1240, 1164
1241, 1093
1242, 1382
1243, 863
1244, 802
1245, 700
1246, 811
1247, 1880
1248, 702
1249, 461
1250, 680
1251, 1014
1252, 900
1253, 835
1254, 854
1255, 1946
1256, 849
1258, 1959
1259, 1393
1260, 1987
1261, 712
1262, 1056
1263, 796
1264, 1582
1265, 1988
1266, 553
1267, 980
1268, 449
1269, 1283
1270, 547
1271, 2567
1272, 764
1273, 1593
1274, 626
1275, 1287
1276, 472
1277, 512
1278, 1022
1279, 884
1280, 816
1281, 1172
1282, 768
1283, 2006
1284, 1885
1285, 936
1286, 927
1287, 846
1288, 1014
1289, 646
1290, 347
1291, 1040
1292, 353
1293, 1615
1294, 1575
1295, 1025
1296, 869
1297, 1550
1300, 902
1301, 440
1302, 1553
1303, 1885
1304, 2642
1305, 2570
1306, 966
1307, 433
1308, 2173
1309, 1363
1310, 1168
1311, 755
1312, 1146
1313, 704
1314, 867
1315, 2196
1316, 542
1317, 708
1318, 1250
1319, 956
1320, 1655
1321, 1738
1322, 2282
1323, 1224
1324, 810
1325, 882
1326, 964
1327, 1281
1328, 1174
1329, 1298
1330, 1438
1331, 535
1332, 598
1333, 806
1334, 1033
1335, 439
1336, 837
1337, 912
1338, 1113
1339, 1736
1340, 1060
1341, 1359
1342, 1221
1343, 711
1344, 987
1345, 1145
1346, 1253
1347, 1640
1348, 2702
1349, 787
1350, 1443
1351, 1270
1352, 960
1353, 1060
1354, 626
1355, 1095
1356, 889
1357, 2460
1358, 638
1359, 1088
1360, 788
1362, 739
1363, 848
1364, 892
1365, 494
1366, 2404
1368, 1603
1370, 734
1371, 343
1372, 2012
1373, 570
1374, 1796
1375, 738
1376, 670
1377, 807
1378, 1426
1379, 627
1380, 864
1381, 1519
1382, 1123
1384, 944
1385, 791
1386, 1752
1387, 894
1388, 598
1389, 573
1390, 1596
1391, 599
1392, 2614
1393, 725
1394, 1351
1395, 1508
1396, 685
1397, 1939
1398, 1563
1399, 941
1400, 1008
1401, 2099
1402, 429
1403, 595
1404, 1298
1405, 1624
1406, 859
1407, 497
1408, 512
1409, 1076
1410, 1135
1411, 2002
1412, 716
1413, 748
1414, 607
1415, 882
1416, 1383
1417, 694
1418, 826
1419, 1582
1420, 714
1421, 2267
1422, 971
1423, 843
1424, 450
1425, 5650
1426, 699
1427, 2070
1428, 1253
1429, 1259
1430, 1469
1431, 936
1432, 1090
1433, 831
1434, 485
1435, 870
1436, 652
1437, 1803
1438, 1484
1439, 1908
1440, 1029
1441, 607
1442, 769
1443, 709
1444, 430
1445, 1463
1446, 600
1447, 1850
1448, 1051
1449, 1085
1450, 667
1451, 916
1452, 593
1453, 703
1454, 1804
1455, 807
1456, 686
1457, 1436
1458, 1007
1459, 1968
1460, 713
1461, 1532
1462, 985
1463, 1614
1464, 553
1465, 1685
1466, 842
1467, 1385
1468, 1020
1469, 965
1470, 1678
1471, 496
1472, 1627
1473, 1219
1474, 1263
1475, 653
1476, 401
1477, 1053
1479, 380
1480, 941
1481, 780
1482, 558
1483, 1714
1484, 11819
1485, 1309
1486, 751
1487, 1545
1488, 780
1489, 640
1490, 773
1491, 647
1492, 368
1493, 1181
1494, 1031
1495, 2350
1496, 1358
1498, 674
1499, 1592
1500, 824
1501, 1161
1502, 1912
1503, 580
1504, 1372
1505, 935
1506, 1841
1507, 1308
1508, 2910
1509, 1262
1510, 1656
1511, 658
1512, 978
1513, 997
1514, 739
1515, 530
1516, 1300
1517, 822
1518, 1573
1519, 712
1520, 1141
1521, 1857
1522, 952
1524, 771
1525, 366
1526, 838
1527, 1437
1528, 726
1529, 2985
1530, 1882
1531, 1805
1532, 3114
1533, 2584
1534, 2659
1535, 481
1537, 1617
1538, 937
1539, 918
1540, 1057
1541, 1107
1542, 650
1544, 764
1545, 647
1546, 788
1547, 2520
1548, 3018
1549, 3465
1550, 1136
1551, 1521
1552, 1421
1553, 1788
1554, 859
1555, 853
1556, 494
1557, 922
1558, 727
1559, 2690
1560, 731
1561, 1596
1562, 1823
1563, 2913
1564, 1850
1565, 468
1566, 514
1567, 995
1568, 734
1569, 1301
1570, 784
1571, 940
1572, 1094
1573, 2155
1574, 871
1575, 1438
1576, 1059
1577, 1363
1578, 548
1579, 819
1580, 652
1581, 1415
1582, 823
1583, 918
1584, 276
1585, 1217
1586, 776
1587, 1407
1588, 1052
1589, 929
1590, 1690
1591, 898
1592, 943
1593, 750
1594, 1143
1595, 882
1596, 1079
1597, 904
1598, 1234
1599, 759
1600, 480
1601, 1182
1602, 1943
1603, 881
1604, 410
1605, 946
1606, 603
1607, 1453
1608, 702
1609, 1463
1610, 1336
1611, 2894
1612, 387
1614, 1873
1615, 1102
1616, 806
1617, 586
1618, 850
1619, 4815
1620, 1558
1622, 1132
1623, 2024
1624, 528
1625, 1451
1626, 450
1627, 1928
1628, 1048
1629, 474
1630, 872
1631, 2093
1632, 908
1633, 3719
1634, 1716
1635, 1292
1636, 1032
1637, 1809
1638, 1053
1639, 698
1640, 775
1641, 1345
1642, 573
1643, 1009
1644, 2201
1645, 757
1646, 499
1647, 1180
1648, 888
1649, 1159
1650, 1282
1651, 621
1652, 540
1653, 661
1654, 468
1655, 767
1656, 495
1657, 656
1658, 1286
1659, 1817
1660, 920
1661, 1021
1662, 1566
1664, 2155
1665, 294
1666, 746
1667, 1168
1668, 958
1669, 1330
1670, 683
1671, 853
1672, 617
1674, 925
1675, 626
1676, 566
1677, 1008
1678, 2283
1679, 1053
1680, 1163
1681, 812
1682, 814
1684, 2196
1685, 325
1686, 1026
1687, 767
1688, 1196
1689, 445
1690, 1034
1691, 1023
1692, 1062
1693, 1160
1694, 982
1695, 2017
1696, 708
1697, 1348
1698, 617
1699, 2670
1700, 866
1701, 390
1702, 1128
1703, 1043
1704, 868
1705, 1758
1706, 1406
1707, 2186
1708, 1168
1709, 449
1710, 1497
1711, 879
1712, 1439
1713, 1970
1714, 1852
1715, 1249
1716, 1504
1717, 906
1718, 1755
1719, 893
1720, 805
1721, 1082
1722, 704
1723, 895
1724, 809
1725, 914
1726, 1027
1727, 466
1728, 784
1729, 1165
1730, 27370
1731, 1029
1732, 1295
1733, 1679
1734, 1664
1735, 383
1736, 1623
1737, 744
1738, 654
1739, 1589
1740, 814
1741, 2085
1742, 512
1744, 1053
1745, 1289
1746, 1423
1747, 577
1748, 1126
1749, 721
1750, 623
1751, 1587
1752, 1126
1754, 1017
1755, 998
1756, 1675
1757, 902
1758, 1737
1759, 1843
1760, 1051
1761, 1657
1762, 1575
1763, 1076
1764, 1461
1765, 2270
1766, 336
1767, 2759
1768, 1101
1769, 1115
1770, 1281
1771, 938
1772, 1179
1773, 494
1774, 1454
1775, 660
1776, 694
1777, 689
1778, 2447
1779, 1582
1780, 2626
1781, 1163
1782, 1482
1783, 1401
1784, 735
1785, 813
1786, 771
1787, 631
1788, 1576
1789, 808
1790, 1237
1791, 1169
1792, 2187
1793, 650
1794, 1058
1795, 2680
1797, 376
1798, 1717
1799, 2136
1800, 1745
1801, 1157
1802, 883
1803, 1993
1804, 2434
1805, 1184
1806, 787
1808, 1266
1809, 806
1810, 2193
1811, 914
1812, 1138
1813, 1127
1814, 838
1815, 1099
1816, 461
1817, 1199
1819, 723
1820, 2257
1821, 814
1822, 2515
1823, 1305
1824, 1214
1825, 492
1826, 1604
1827, 1014
1828, 559
1829, 674
1830, 1764
1831, 1594
1832, 1254
1833, 622
1834, 1024
1835, 973
1836, 2722
1837, 489
1838, 1772
1839, 656
1840, 897
1841, 1303
1842, 1349
1843, 874
1844, 2328
1845, 1924
1846, 1153
1847, 1478
1848, 2943
1849, 721
1850, 847
1851, 1090
1852, 1452
1853, 1040
1854, 725
1855, 931
1856, 1512
1857, 756
1858, 735
1859, 2497
1860, 1082
1861, 2465
1862, 1086
1863, 2046
1864, 2753
1865, 741
1866, 2078
1867, 942
1868, 1048
1869, 625
1870, 697
1871, 691
1872, 526
1873, 947
1874, 503
1875, 2168
1876, 548
1877, 989
1878, 795
1879, 1558
1880, 1492
1881, 675
1882, 629
1883, 571
1884, 1850
1885, 743
1886, 478
1887, 396
1888, 2193
1889, 816
1890, 612
1891, 821
1892, 534
1893, 5391
1894, 557
1895, 842
1896, 1378
1897, 1892
1898, 1141
1899, 329
1900, 786
1901, 1005
1902, 877
1903, 3170
1904, 643
1905, 754
1906, 764
1907, 1548
1908, 1748
1909, 1881
1910, 561
1911, 1515
1912, 851
1913, 2533
1914, 1848
1915, 774
1916, 1020
1917, 1515
1918, 1663
1919, 3241
1921, 1460
1922, 1494
1923, 558
1924, 983
1925, 1114
1926, 2441
1927, 3995
1928, 1512
1929, 5906
1930, 675
1931, 2144
1932, 1045
1933, 593
1934, 661
1935, 3542
1936, 4699
1937, 802
1938, 637
1939, 1262
1940, 914
1941, 990
1942, 902
1943, 1067
1944, 1376
1945, 2667
1946, 839
1947, 1566
1948, 1010
1949, 1725
1950, 899
1952, 1065
1953, 853
1954, 833
1955, 860
1956, 1225
1957, 703
1958, 1825
1959, 336
1960, 438
1961, 992
1962, 570
1963, 1152
1964, 584
1965, 1635
1966, 687
1967, 1022
1968, 1848
1969, 1166
1970, 555
1971, 645
1972, 1287
1973, 1081
1974, 807
1975, 555
1976, 801
1977, 700
1978, 1223
1979, 738
1980, 1251
1981, 1312
1982, 1207
1983, 2148
1984, 104
1985, 1690
1986, 3330
1987, 1548
1988, 816
1989, 1185
1990, 862
1991, 711
1993, 942
1994, 3561
1995, 773
1996, 614
1997, 659
1998, 749
1999, 836
2000, 3032
2001, 1885
2002, 1636
2003, 1651
2004, 1064
2005, 3097
2006, 1063
2007, 2267
2008, 902
2009, 1261
2010, 322
2011, 1178
2012, 1401
2013, 2245
2014, 766
2015, 1339
2016, 341
2017, 1859
2018, 1394
2019, 946
2020, 1041
2021, 731
2022, 1084
2023, 509
2024, 1157
2025, 1316
2026, 499
2028, 1244
2029, 664
2030, 1911
2031, 1077
2032, 1611
2033, 873
2034, 1101
2035, 957
2036, 969
2037, 692
2038, 661
2039, 3768
2040, 940
2041, 1304
2042, 1152
2043, 899
2044, 1377
2045, 1623
2046, 876
2047, 1700
2048, 1398
2049, 1684
2050, 1463
2052, 2037
2053, 1584
2054, 2710
2055, 1579
2056, 1002
2057, 1559
2058, 1026
2059, 1093
2060, 1340
2061, 537
2062, 64
2063, 1881
2064, 1997
2065, 1205
2066, 1669
2067, 804
2068, 3446
2069, 2487
2070, 1492
2071, 1701
2072, 912
2073, 1914
2074, 703
2075, 1890
2076, 721
2077, 1416
2078, 1196
2079, 1283
2080, 1049
2081, 1491
2082, 4508
2083, 478
2084, 2217
2085, 4960
2086, 631
2087, 1212
2088, 1116
2089, 1973
2090, 1378
2092, 715
2093, 1702
2094, 5314
2095, 1190
2096, 1151
2097, 1178
2098, 2576
2099, 3032
2100, 1853
2101, 1454
2102, 2613
2103, 2181
2104, 1465
2105, 1429
2106, 1345
2107, 1368
2108, 2042
2109, 1499
2110, 2948
2111, 2004
2112, 1052
2113, 993
2114, 1689
2115, 1750
2116, 1336
2117, 11419
2118, 1421
2119, 1369
2120, 1159
2121, 784
2122, 1066
2123, 2034
2124, 1118
2125, 873
2126, 505
2127, 1946
2128, 1100
2129, 1399
2130, 1027
2131, 1065
2132, 1315
2133, 2788
2134, 1225
2135, 1225
2136, 2606
2137, 3069
2138, 1473
2139, 1625
2140, 503
2141, 3035
2142, 1190
2143, 1651
2144, 1481
2145, 1451
2146, 1193
2147, 1349
2148, 959
2149, 1392
2150, 1740
2151, 601
2152, 1306
2153, 481
2154, 477
2155, 838
2156, 815
2157, 827
2158, 210
2160, 1899
2161, 264
2162, 1610
2163, 1244
2164, 2211
2165, 160
2166, 916
2167, 1538
2168, 2207
2169, 923
2170, 1011
2171, 1611
2172, 488
2173, 2777
2174, 509
2176, 612
2177, 1100
2178, 2215
2179, 509
2180, 1756
2181, 1228
2183, 876
2184, 1474
2185, 1190
2186, 1642
2187, 1376
2188, 1940
2189, 1962
2190, 3023
2191, 1764
2192, 1000
2193, 1248
2194, 2378
2195, 2676
2196, 509
2197, 1356
2198, 1145
2199, 661
2200, 1664
2201, 1144
2202, 1909
2203, 1206
2204, 1261
2205, 883
2206, 1624
2207, 2756
2208, 771
2209, 516
2210, 2129
2211, 894
2212, 11
2213, 1032
2214, 671
2216, 2335
2217, 1999
2218, 954
2219, 571
2220, 547
2221, 1620
2222, 4136
2223, 2283
2224, 2027
2225, 1001
2226, 1488
2227, 2987
2228, 2416
2229, 1406
2230, 1626
2231, 1696
2232, 1177
2233, 2357
2234, 723
2235, 1428
2236, 1080
2237, 2487
2238, 2594
2239, 1015
2240, 997
2241, 2388
2242, 1157
2243, 882
2244, 1299
2245, 1032
2246, 1694
2247, 1580
2248, 764
2249, 2486
2250, 1020
2251, 1858
2252, 874
2253, 708
2254, 2336
2255, 1041
2256, 905
2257, 1371
2258, 715
2259, 1128
2260, 1548
2261, 1110
2262, 1156
2263, 1156
2264, 4256
2266, 1236
2267, 1598
2268, 478
2269, 913
2270, 1588
2271, 1334
2272, 798
2273, 2806
2274, 822
2275, 2171
2276, 957
2277, 1892
2278, 4955
2279, 1539
2280, 520
2281, 1157
2282, 679
2283, 1521
2284, 4014
2285, 1021
2286, 1939
2287, 2306
2288, 1876
2289, 1101
2290, 786
2291, 1275
2292, 1637
2293, 2107
2294, 1284
2295, 710
2296, 793
2297, 1186
2298, 988
2299, 3074
2300, 617
2301, 996
2302, 1184
2303, 545
2304, 2083
2305, 1381
2306, 1714
2307, 2551
2308, 487
2309, 1546
2310, 2708
2311, 1741
2312, 511
2313, 840
2314, 2597
2316, 2083
2317, 5031
2319, 660
2320, 1019
2321, 1249
2322, 1403
2323, 914
2324, 540
2325, 2953
2326, 1568
2327, 911
2328, 1075
2329, 985
2330, 2071
2331, 1932
2332, 723
2333, 1943
2334, 972
2335, 2400
2336, 823
2337, 676
2338, 5508
2339, 506
2340, 1037
2341, 1127
2342, 1178
2343, 2005
2344, 663
2345, 822
2346, 1778
2347, 577
2348, 499
2349, 791
2350, 2700
2351, 308
2352, 1614
2353, 935
2354, 526
2355, 1512
2357, 924
2358, 1165
2359, 2821
2360, 1525
2361, 1008
2362, 1144
2363, 1191
2364, 667
2365, 324
2366, 1333
2367, 512
2368, 1838
2369, 622
2370, 1307
2371, 984
2372, 1191
2373, 461
2374, 2701
2375, 2177
2376, 784
2377, 1679
2378, 3440
2379, 739
2380, 604
2381, 1941
2382, 2279
2383, 513
2384, 1308
2385, 1640
2386, 896
2387, 1020
2388, 770
2389, 758
2390, 1724
2391, 1341
2392, 725
2393, 1213
2394, 1501
2395, 642
2396, 1425
2397, 933
2398, 1059
2399, 2117
2400, 918
2401, 2408
2402, 2152
2403, 1107
2404, 1637
2405, 1373
2406, 1431
2407, 1557
2408, 5115
2409, 1098
2410, 1049
2411, 1768
2412, 1802
2413, 547
2414, 1290
2415, 547
2416, 690
2417, 2603
2418, 1003
2419, 2710
2420, 2943
2421, 459
2422, 1443
2423, 2208
2424, 1563
2425, 1727
2426, 1633
2428, 2012
2429, 841
2430, 903
2431, 1835
2432, 2580
2433, 1706
2434, 1607
2435, 1010
2436, 4236
2437, 2117
2438, 1999
2439, 998
2440, 2249
2441, 1622
2442, 1878
2443, 1120
2444, 1397
2445, 1412
2446, 743
2448, 1168
2449, 561
2450, 1111
2451, 2155
2452, 606
2453, 1408
2454, 1319
2455, 1099
2456, 5241
2457, 1704
2458, 486
2459, 2288
2460, 1917
2461, 2081
2462, 507
2463, 691
2464, 1299
2465, 1407
2466, 1040
2467, 2576
2468, 1144
2469, 720
2470, 5003
2471, 681
2472, 583
2473, 3094
2474, 3664
2475, 371
2476, 2176
2477, 1129
2478, 1497
2479, 3582
2480, 5537
2481, 2151
2482, 439
2483, 821
2484, 651
2485, 1080
2486, 879
2487, 903
2488, 2365
2489, 572
2490, 3112
2491, 1953
2492, 879
2493, 2128
2494, 872
2495, 2123
2496, 883
2497, 1181
2498, 10850
2499, 1174
2500, 2118
2501, 1209
2502, 1224
2503, 3743
2504, 746
2505, 63
2506, 933
2507, 534
2508, 1641
2509, 555
2510, 1198
2511, 1272
2512, 2219
2513, 1399
2514, 784
2515, 1257
2516, 1198
2517, 1214
2518, 1516
2519, 2471
2520, 1123
2521, 13
2522, 1992
2523, 1578
2524, 499
2526, 883
2527, 286
2528, 2963
2529, 104
2530, 1163
2531, 3337
2532, 835
2533, 2131
2534, 1296
2535, 1271
2536, 820
2537, 375
2538, 923
2539, 227
2540, 1298
2541, 1466
2542, 2593
2543, 3170
2544, 1862
2545, 1245
2546, 2812
2547, 1541
2548, 1435
2550, 805
2551, 1369
2552, 1343
2553, 1634
2554, 1111
2555, 1616
2556, 1107
2557, 466
2558, 645
2559, 4154
2560, 1580
2561, 1102
2562, 1487
2563, 1063
2564, 2121
2565, 527
2566, 2728
2567, 1132
2568, 1449
2569, 469
2570, 1772
2571, 2113
2572, 795
2573, 1525
2575, 869
2576, 1543
2577, 1021
2578, 1592
2579, 531
2580, 601
2581, 1422
2582, 482
2583, 499
2584, 502
2585, 585
2586, 782
2588, 2357
2589, 1472
2590, 2022
2591, 1276
2592, 598
2593, 2809
2594, 1301
2595, 1904
2596, 1738
2597, 939
2598, 525
2599, 1855
2600, 1632
2601, 2928
2602, 865
2603, 1820
2604, 646
2605, 507
2606, 1780
2607, 929
2608, 1144
2609, 3582
2610, 3600
2611, 1066
2612, 1676
2613, 878
2614, 1978
2615, 1478
2616, 445
2617, 1762
2618, 2730
2619, 779
2621, 2045
2622, 1630
2623, 767
2624, 977
2625, 1810
2627, 229
2628, 926
2629, 1600
2630, 464
2631, 1140
2632, 2144
2633, 1338
2634, 2164
2635, 1012
2636, 2038
2637, 3055
2638, 1150
2639, 3716
2640, 2950
2641, 8879
2642, 328
2643, 1246
2644, 1925
2645, 959
2646, 1132
2647, 1172
2648, 3665
2649, 744
2650, 1838
2651, 2323
2652, 641
2653, 576
2654, 462
2655, 834
2656, 1327
2657, 1843
2659, 422
2660, 1579
2661, 1672
2662, 1461
2663, 1684
2664, 5672
2665, 2263
2666, 994
2667, 883
2668, 1776
2669, 3346
2670, 3136
2671, 1953
2672, 1394
2673, 398
2674, 1775
2675, 1667
2676, 2380
2677, 1418
2678, 637
2679, 1526
2680, 4402
2681, 1939
2682, 3614
2683, 907
2684, 2250
2685, 452
2686, 1129
2687, 2183
2688, 3122
2689, 741
2690, 240
2691, 1171
2692, 2420
2693, 1000
2694, 1267
2695, 2566
2696, 3580
2697, 1322
2698, 1728
2699, 1786
2700, 2848
2701, 1946
2702, 1709
2703, 1003
2704, 3792
2705, 613
2706, 843
2707, 592
2708, 1825
2709, 2474
2710, 1450
2711, 517
2712, 1328
2713, 1298
2714, 2476
2715, 1213
2716, 738
2717, 1190
2718, 4423
2719, 227
2720, 1883
2721, 3620
2722, 536
2724, 1883
2725, 1615
2726, 1725
2727, 1964
2728, 1742
2729, 1877
2730, 1389
2731, 1962
2732, 1598
2733, 568
2734, 1630
2735, 1509
2736, 4870
2737, 2135
2738, 2568
2739, 1775
2740, 1671
2741, 454
2742, 3629
2743, 808
2744, 1779
2745, 2024
2746, 5761
2747, 2458
2748, 1413
2749, 1456
2750, 2381
2751, 997
2752, 716
2753, 1223
2754, 1904
2755, 217
2756, 1340
2757, 1379
2758, 4420
2759, 5450
2760, 647
2761, 1778
2762, 1695
2763, 937
2764, 4493
2765, 2012
2766, 1462
2767, 2430
2768, 790
2769, 950
2770, 767
2771, 537
2772, 1126
2773, 1171
2774, 1885
2775, 1141
2776, 2799
2777, 2822
2778, 1025
2779, 1194
2780, 2123
2781, 922
2782, 2936
2783, 2021
2784, 1278
2785, 2782
2786, 113
2787, 1088
2788, 2063
2789, 1539
2790, 1234
2791, 2654
2792, 4000
2793, 1360
2794, 1507
2795, 738
2796, 634
2797, 245
2798, 17
2799, 1146
2800, 1853
2801, 1687
2802, 1061
2803, 931
2805, 910
2806, 2252
2807, 1760
2808, 239
2809, 1824
2810, 903
2811, 879
2812, 2406
2813, 2697
2814, 697
2815, 4637
2816, 899
2817, 2217
2818, 725
2820, 2369
2821, 2461
2822, 998
2823, 2033
2824, 3660
2825, 1606
2826, 690
2827, 852
2828, 1791
2829, 1039
2830, 1435
2831, 1209
2832, 2832
2833, 2439
2834, 4364
2836, 1709
2837, 983
2838, 438
2839, 1367
2840, 459
2841, 3379
2842, 1695
2843, 2457
2844, 2506
2845, 2301
2846, 3090
2847, 4622
2848, 1882
2849, 1237
2850, 672
2851, 225
2852, 2126
2854, 1462
2855, 2169
2856, 1458
2857, 1701
2858, 1542
2859, 817
2860, 2082
2861, 1302
2862, 615
2863, 1017
2864, 1990
2865, 1637
2866, 996
2867, 1572
2868, 1186
2869, 1137
2870, 814
2871, 1459
2872, 676
2873, 808
2874, 458
2875, 1090
2876, 976
2877, 2408
2878, 801
2879, 1418
2880, 1330
2881, 478
2882, 2190
2883, 947
2884, 1464
2885, 1136
2886, 668
2887, 1030
2888, 1058
2889, 1358
2890, 1919
2891, 2625
2892, 1996
2893, 2244
2894, 1489
2895, 1002
2897, 2067
2898, 1268
2899, 603
2900, 1012
2901, 1601
2902, 3204
2903, 1403
2904, 5434
2905, 5815
2906, 1380
2907, 893
2908, 932
2909, 668
2910, 956
2911, 999
2912, 1277
2913, 1251
2914, 1864
2915, 325
2916, 2401
2917, 2157
2918, 1535
2919, 3818
2920, 1418
2921, 1278
2922, 2052
2923, 1117
2924, 446
2925, 2104
2926, 280
2927, 502
2928, 897
2929, 1558
2930, 691
2931, 563
2932, 2103
2933, 1496
2934, 1474
2935, 7052
2936, 671
2937, 2106
2938, 390
2939, 1233
2940, 2324
2941, 1222
2942, 2334
2943, 1543
2944, 1517
2945, 1550
2946, 2422
2947, 1308
2949, 484
2950, 1052
2951, 4360
2952, 1767
2953, 2282
2954, 522
2955, 1350
2956, 8775
2957, 1631
2958, 769
2959, 1761
2960, 1697
2961, 3524
2962, 1509
2963, 1613
2964, 1390
2965, 479
2966, 1675
2967, 1778
2968, 2420
2969, 974
2970, 2669
2972, 911
2973, 896
2974, 758
2975, 1460
2976, 1982
2977, 1116
2978, 1561
2980, 1072
2981, 1260
2982, 1977
2983, 2334
2984, 530
2985, 1413
2986, 560
2987, 1764
2988, 5500
2989, 612
2990, 810
2991, 820
2992, 2228
2993, 948
2994, 674
2995, 2372
2996, 1837
2997, 606
2998, 9543
2999, 4098
3000, 7077
3001, 6958
3002, 5456
3003, 4777
3004, 4327
3005, 2131
3006, 1615
3007, 3069
3008, 4243
3009, 4628
3010, 3506
3011, 1633
3012, 2617
3013, 3000
3014, 1343
3015, 1698
3016, 1296
3017, 4117
3018, 1399
3019, 1521
3020, 4971
3021, 906
3022, 530
3023, 909
3024, 1565
3025, 3944
3026, 835
3027, 1238
3028, 1066
3029, 1921
3030, 2180
3031, 1744
3032, 732
3033, 4030
3034, 2331
3035, 1918
3037, 1196
3038, 4840
3039, 1731
3040, 3069
3042, 1832
3043, 3669
3044, 3004
3045, 3354
3046, 1304
3047, 644
3048, 2140
3049, 1234
3050, 1352
3051, 2333
3052, 1258
3053, 3434
3054, 3938
3055, 1816
3056, 611
3057, 1373
3058, 1820
3059, 8518
3060, 2880
3061, 2217
3062, 2047
3063, 1481
3064, 2344
3065, 1309
3066, 3583
3068, 1788
3069, 9782
3070, 1020
3071, 279
3072, 434
3073, 627
3074, 3108
3075, 2134
3076, 1301
3077, 2063
3078, 508
3079, 1399
3080, 1546
3081, 1071
3082, 5190
3083, 798
3084, 104
3085, 2400
3086, 1681
3087, 2400
3088, 4705
3089, 3323
3090, 3436
3091, 1850
3092, 1356
3093, 1978
3094, 2093
3095, 380
3096, 999
3097, 501
3098, 1247
3099, 1373
3100, 5307
3101, 7003
3102, 3213
3103, 1128
3104, 1403
3105, 2799
3106, 2724
3107, 1864
3108, 1541
3109, 4308
3110, 1368
3111, 635
3112, 1493
3113, 824
3114, 1276
3115, 2566
3116, 1472
3117, 2085
3118, 763
3119, 1449
3120, 2061
3121, 3804
3122, 2768
3124, 548
3125, 37
3126, 1391
3127, 2202
3128, 803
3129, 3851
3130, 849
3131, 1437
3132, 1111
3133, 1468
3134, 1187
3135, 1106
3136, 733
3137, 1649
3138, 1708
3139, 1683
3140, 2445
3141, 1833
3142, 1035
3143, 2667
3144, 1683
3145, 13366
3146, 1115
3147, 1715
3148, 350
3149, 1927
3150, 2614
3151, 882
3152, 2619
3153, 880
3154, 550
3155, 2664
3156, 1649
3157, 949
3158, 254
3159, 1163
3160, 613
3161, 1315
3162, 2144
3163, 1577
3164, 873
3165, 1687
3166, 645
3167, 1944
3168, 993
3169, 1660
3170, 342
3171, 2000
3172, 1332
3173, 4325
3174, 1676
3175, 1809
3176, 1026
3177, 960
3178, 9103
3179, 1239
3180, 1224
3181, 847
3182, 2276
3183, 395
3184, 1568
3185, 875
3186, 230
3187, 1857
3188, 104
3189, 2797
3190, 1652
3191, 2151
3192, 3286
3193, 2375
3194, 4483
3195, 1363
3196, 1494
3197, 1432
3198, 2903
3199, 2615
3200, 2298
3201, 2838
3202, 4283
3203, 860
3204, 4005
3205, 1480
3206, 1226
3207, 1924
3208, 2703
3209, 1406
3211, 129
3212, 862
3213, 808
3214, 1694
3215, 948
3216, 520
3217, 923
3218, 1527
3219, 3970
3220, 824
3221, 1310
3222, 993
3223, 1649
3224, 757
3225, 763
3226, 1279
3227, 2198
3228, 1749
3229, 3693
3230, 2698
3231, 649
3232, 775
3233, 1844
3234, 5420
3235, 2013
3236, 1024
3237, 3262
3238, 1241
3239, 1995
3240, 3534
3241, 5464
3242, 2277
3243, 1453
3244, 1060
3245, 1804
3246, 1841
3247, 700
3248, 1269
3249, 2099
3250, 1964
3251, 1272
3252, 965
3253, 3180
3254, 784
3255, 2327
3256, 5418
3257, 1310
3258, 1095
3259, 1587
3260, 823
3261, 936
3262, 1167
3263, 1324
3264, 3613
3265, 784
3266, 2549
3267, 2478
3268, 2018
3269, 905
3270, 580
3271, 565
3272, 814
3273, 1837
3274, 2164
3275, 2269
3276, 1044
3277, 1045
3278, 689
3279, 892
3280, 1462
3281, 1689
3282, 1249
3283, 6381
3284, 1717
3285, 1441
3286, 1084
3287, 633
3288, 5907
3289, 1531
3290, 406
3291, 1955
3292, 2011
3293, 2093
3294, 1615
3295, 865
3296, 2757
3297, 1714
3298, 1542
3299, 1215
3300, 3990
3301, 7101
3302, 595
3303, 689
3304, 1497
3305, 2107
3306, 3372
3307, 1170
3308, 1028
3309, 2133
3310, 3521
3311, 5541
3312, 2908
3313, 611
3314, 578
3315, 2963
3316, 540
3318, 867
3319, 1811
3320, 2360
3321, 3457
3322, 2823
3323, 1662
3324, 1511
3325, 3364
3326, 1723
3327, 1774
3329, 2052
3330, 6150
3331, 1584
3332, 361
3333, 4902
3334, 4209
3335, 16246
3336, 2130
3337, 934
3338, 904
3339, 2315
3340, 66
3341, 1684
3342, 2537
3343, 743
3344, 971
3345, 1568
3346, 607
3347, 2374
3348, 1558
3349, 1040
3350, 1235
3351, 317
3352, 2375
3353, 913
3354, 899
3355, 2248
3356, 2563
3357, 2255
3358, 1388
3359, 2505
3360, 2037
3361, 1366
3362, 1591
3363, 588
3364, 2157
3365, 500
3366, 1998
3367, 2698
3368, 6838
3369, 2588
3370, 1009
3371, 866
3372, 1585
3373, 2511
3374, 1682
3375, 667
3376, 1077
3377, 490
3378, 1279
3379, 3671
3380, 3021
3381, 5206
3382, 1137
3384, 599
3385, 5935
3386, 1627
3387, 1472
3388, 1062
3389, 3703
3390, 2091
3391, 8927
3392, 2122
3393, 1345
3394, 1635
3395, 615
3396, 1492
3397, 1313
3398, 3443
3399, 1127
3400, 986
3401, 480
3402, 1645
3403, 893
3404, 1819
3405, 841
3406, 951
3407, 2163
3408, 661
3409, 3015
3410, 2057
3411, 618
3412, 743
3413, 2402
3414, 808
3415, 1832
3416, 3562
3417, 2372
3418, 1413
3419, 1788
3420, 919
3421, 2253
3422, 870
3423, 1629
3424, 1407
3425, 1486
3426, 2998
3427, 1248
3428, 553
3429, 2072
3430, 2043
3431, 487
3432, 2105
3433, 2188
3434, 1170
3435, 2777
3436, 1453
3437, 2254
3438, 848
3439, 2798
3440, 3031
3441, 1126
3442, 1506
3443, 1799
3444, 9997
3445, 996
3446, 2039
3447, 654
3448, 4973
3449, 2831
3450, 1801
3451, 2857
3452, 3468
3453, 1162
3454, 726
3455, 3208
3456, 2250
3457, 1449
3458, 1801
3459, 644
3460, 1191
3461, 1816
3462, 3085
3463, 1538
3464, 1648
3465, 1725
3466, 2021
3467, 441
3468, 2370
3469, 1585
3470, 2069
3471, 5025
3472, 888
3473, 3382
3474, 3043
3475, 955
3476, 6634
3477, 2983
3478, 1185
3479, 1269
3480, 2383
3481, 1671
3482, 1471
3483, 2976
3484, 1622
3485, 1174
3486, 2098
3487, 806
3489, 697
3490, 1929
3492, 1588
3493, 11
3494, 1168
3495, 1665
3496, 1212
3497, 1060
3498, 3012
3499, 4065
3500, 2666
3501, 3738
3502, 653
3503, 2962
3504, 5038
3505, 1704
3506, 1018
3507, 3429
3508, 3045
3509, 4424
3510, 1273
3511, 2964
3512, 4518
3513, 1081
3514, 2824
3515, 4857
3516, 1218
3517, 2740
3518, 1233
3519, 1862
3520, 1763
3521, 928
3522, 1537
3523, 791
3524, 2324
3525, 2586
3526, 1110
3527, 703
3528, 346
3529, 776
3530, 1920
3531, 859
3532, 1553
3534, 3056
3535, 715
3536, 450
3537, 1284
3538, 1561
3539, 2402
3540, 1421
3541, 622
3542, 1550
3543, 1607
3544, 1179
3545, 5696
3546, 1268
3547, 2415
3548, 1262
3549, 2055
3550, 2505
3551, 1285
3552, 654
3553, 2250
3554, 1682
3555, 1112
3556, 1311
3557, 3053
3558, 366
3559, 991
3560, 2148
3561, 1271
3562, 1129
3563, 1642
3564, 1345
3565, 499
3566, 845
3567, 2207
3568, 3679
3569, 1608
3570, 4181
3571, 5332
3572, 3674
3573, 1007
3574, 1697
3575, 1949
3576, 2350
3577, 4358
3578, 4399
3579, 1007
3580, 12232
3581, 677
3582, 1096
3583, 1320
3584, 381
3585, 1275
3586, 849
3587, 779
3588, 2026
3589, 551
3590, 1485
3591, 6133
3592, 1361
3593, 337
3594, 911
3595, 1745
3596, 1786
3598, 489
3599, 1169
3600, 3425
3601, 1658
3602, 1041
3603, 981
3604, 2035
3605, 1987
3606, 1756
3607, 3638
3608, 7736
3609, 1481
3610, 363
3611, 1289
3612, 864
3613, 1182
3614, 3006
3615, 1642
3617, 1674
3618, 2174
3619, 1902
3620, 1259
3621, 2571
3622, 2086
3623, 2668
3624, 2058
3625, 4041
3626, 1722
3627, 2150
3628, 1878
3629, 3684
3630, 1023
3631, 844
3632, 2722
3633, 1044
3634, 2637
3635, 2439
3636, 2030
3637, 511
3638, 797
3639, 2850
3640, 2842
3641, 1594
3642, 1084
3643, 2444
3644, 251
3645, 1931
3646, 1407
3647, 763
3648, 1193
3649, 611
3650, 1649
3651, 2436
3652, 1898
3653, 1509
3654, 761
3655, 2065
3656, 3375
3657, 525
3658, 3054
3659, 393
3660, 2124
3661, 1570
3662, 1776
3663, 1597
3664, 973
3665, 1659
3666, 2440
3667, 7503
3668, 2340
3669, 2134
3670, 535
3671, 478
3672, 710
3673, 4075
3674, 4255
3675, 4691
3676, 1149
3677, 11
3678, 2891
3679, 913
3680, 5125
3682, 2359
3683, 432
3684, 965
3685, 6739
3686, 1854
3687, 1623
3688, 912
3689, 567
3690, 1999
3691, 464
3692, 6462
3693, 460
3694, 1833
3695, 482
3696, 937
3697, 1000
3698, 8220
3699, 2167
3700, 4259
3701, 1463
3702, 1050
3703, 4608
3704, 4147
3705, 1486
3706, 3160
3707, 243
3708, 728
3709, 2121
3710, 1709
3711, 5970
3712, 704
3713, 4771
3714, 1392
3715, 563
3716, 2072
3717, 1513
3718, 1412
3719, 2039
3720, 1800
3721, 2580
3722, 2584
3724, 2178
3725, 613
3726, 551
3727, 941
3728, 1885
3729, 1305
3730, 671
3731, 2452
3732, 690
3733, 1159
3734, 361
3735, 1104
3736, 1151
3737, 1935
3738, 942
3739, 5632
3740, 3230
3741, 1943
3742, 5399
3743, 3761
3744, 2177
3745, 3205
3746, 675
3747, 451
3748, 1830
3749, 385
3750, 753
3751, 1750
3752, 1640
3753, 480
3754, 1688
3755, 1057
3756, 1169
3757, 1032
3758, 1289
3759, 226
3760, 1741
3761, 3666
3762, 1601
3763, 1963
3764, 880
3765, 1575
3766, 710
3767, 1343
3768, 1238
3769, 1655
3771, 960
3772, 2245
3773, 2603
3774, 3595
3775, 2615
3776, 1347
3777, 1172
3778, 1855
3779, 750
3780, 1230
3781, 1639
3782, 1715
3783, 2130
3784, 436
3785, 3871
3786, 588
3787, 3184
3788, 287
3789, 429
3790, 1256
3791, 1186
3792, 571
3793, 1093
3794, 194
3795, 553
3796, 1135
3797, 477
3798, 1808
3799, 3352
3800, 1585
3801, 745
3802, 888
3803, 1355
3804, 1738
3805, 2332
3806, 1115
3807, 1015
3808, 860
3809, 2971
3810, 2067
3811, 3462
3812, 6491
3813, 3946
3814, 1021
3815, 966
3817, 1494
3818, 1700
3819, 3467
3820, 744
3821, 780
3822, 1974
3823, 1423
3824, 538
3826, 1884
3828, 1842
3829, 560
3830, 771
3831, 1238
3832, 1389
3833, 2964
3834, 1014
3835, 1032
3836, 1739
3837, 2712
3838, 2690
3839, 1431
3840, 1963
3841, 1071
3842, 682
3843, 3992
3844, 3298
3845, 2247
3846, 798
3847, 763
3848, 3229
3849, 290
3850, 982
3851, 501
3852, 1872
3853, 2408
3854, 1988
3855, 920
3856, 1505
3857, 645
3858, 713
3859, 2934
3860, 2156
3861, 422
3862, 5037
3863, 711
3864, 1998
3865, 1747
3866, 647
3867, 855
3868, 729
3869, 1749
3870, 1689
3871, 1059
3872, 1234
3873, 1932
3874, 1142
3876, 1859
3877, 1493
3878, 705
3879, 1562
3880, 1690
3881, 635
3882, 2507
3883, 1436
3884, 1077
3885, 1758
3886, 3676
3887, 3134
3888, 2908
3889, 2273
3890, 2937
3891, 1113
3892, 375
3893, 912
3894, 1634
3895, 1740
3896, 2580
3897, 938
3898, 2328
3899, 1498
3900, 446
3901, 758
3902, 583
3903, 1897
3904, 411
3905, 651
3906, 1424
3907, 663
3908, 695
3909, 1154
3910, 2640
3911, 4759
3912, 1028
3913, 565
3914, 1222
3915, 1162
3916, 2731
3917, 1659
3918, 1778
3919, 2501
3920, 598
3921, 3364
3922, 1034
3923, 1243
3924, 1044
3926, 2109
3927, 1643
3928, 2113
3929, 1422
3930, 4015
3931, 1561
3932, 1087
3933, 4371
3934, 1478
3935, 3795
3936, 469
3937, 1004
3938, 1603
3939, 28482
3940, 506
3941, 2089
3942, 1467
3943, 1268
3944, 2650
3945, 2024
3946, 3089
3947, 952
3948, 3591
3949, 596
3950, 1093
3951, 1159
3952, 654
3953, 1207
3954, 2778
3955, 1533
3956, 731
3957, 4757
3958, 1596
3959, 1868
3960, 3285
3961, 695
3962, 1416
3963, 1539
3964, 4113
3965, 784
3966, 3570
3967, 2597
3968, 1802
3969, 1061
3970, 1658
3971, 1862
3972, 1071
3973, 1243
3975, 1449
3976, 620
3977, 4115
3978, 1706
3979, 1215
3980, 897
3981, 3565
3982, 1161
3983, 1734
3984, 3093
3985, 2308
3986, 4144
3987, 2557
3988, 2423
3989, 8012
3990, 1557
3991, 1790
3992, 1554
3993, 1514
3994, 1942
3995, 1383
3996, 3655
3997, 2275
3998, 2388
3999, 9243
4000, 4910
4001, 6155
4002, 2462
4003, 2675
4004, 4659
4005, 7395
4006, 2290
4007, 6920
4008, 4004
4009, 4370
4011, 8255
4012, 4996
4013, 2787
4014, 1826
4015, 3080
4016, 1564
4017, 5430
4018, 1073
4019, 342
4020, 3103
4021, 1348
4022, 1055
4023, 6693
4024, 1452
4025, 1901
4026, 805
4027, 408
4028, 3701
4029, 6139
4030, 1092
4031, 840
4032, 962
4033, 1019
4034, 1058
4035, 1163
4036, 8143
4037, 3465
4038, 1245
4039, 1001
4040, 3893
4041, 1350
4042, 3697
4043, 6400
4044, 481
4045, 654
4046, 599
4047, 1699
4048, 1492
4049, 1708
4050, 673
4051, 5555
4052, 2413
4053, 618
4054, 1379
4055, 1566
4056, 2452
4057, 3000
4058, 4764
4059, 2166
4060, 1733
4061, 1371
4062, 854
4063, 1701
4064, 2365
4065, 601
4066, 6114
4067, 1350
4068, 1013
4069, 4086
4070, 399
4071, 1426
4072, 3312
4073, 1807
4074, 1150
4075, 2595
4076, 2076
4077, 4092
4078, 1411
4079, 2284
4080, 380
4081, 2314
4082, 1772
4083, 694
4084, 1243
4085, 6173
4086, 4260
4087, 724
4088, 990
4089, 1437
4090, 1381
4091, 371
4092, 1316
4093, 787
4094, 2453
4095, 969
4096, 895
4097, 3309
4098, 278
4099, 4748
4100, 1362
4101, 5656
4102, 1957
4103, 813
4104, 1073
4105, 1031
4106, 2147
4107, 630
4108, 2065
4109, 1386
4110, 2828
4111, 4640
4112, 1619
4113, 949
4114, 1357
4115, 1551
4116, 2183
4117, 1492
4118, 2836
4119, 1016
4121, 2399
4122, 1346
4123, 1886
4124, 1475
4125, 3989
4126, 2755
4127, 1414
4128, 3198
4129, 1283
4130, 1361
4132, 2763
4134, 4241
4135, 386
4136, 747
4137, 1836
4138, 1123
4139, 1275
4140, 2444
4141, 931
4142, 672
4143, 1262
4144, 2168
4145, 1582
4146, 826
4147, 1402
4148, 775
4149, 2485
4150, 1473
4151, 1289
4152, 1947
4154, 600
4155, 1311
4156, 2681
4157, 1341
4158, 2680
4159, 3362
4160, 1960
4161, 1251
4162, 1354
4163, 2256
4164, 2511
4165, 789
4166, 1587
4167, 1320
4168, 3736
4169, 963
4170, 1650
4171, 2059
4172, 788
4173, 1687
4174, 2604
4175, 1429
4176, 658
4177, 762
4178, 3374
4179, 11711
4180, 751
4181, 1150
4182, 1854
4183, 2383
4184, 1993
4185, 1796
4186, 661
4187, 2486
4188, 1774
4189, 537
4190, 1163
4191, 1396
4192, 505
4193, 1780
4194, 535
4195, 493
4196, 2709
4197, 3346
4198, 2140
4199, 2886
4200, 5327
4201, 2434
4202, 509
4203, 666
4204, 1025
4205, 48
4206, 1645
4207, 2406
4208, 2485
4209, 733
4210, 1730
4211, 657
4212, 1239
4213, 629
4214, 1237
4215, 1274
4216, 474
4217, 3478
4218, 1744
4219, 1264
4220, 5712
4221, 1496
4222, 1429
4223, 2414
4224, 8659
4225, 783
4226, 1332
4227, 3468
4228, 2163
4229, 1330
4230, 7708
4231, 21027
4232, 1560
4233, 1880
4234, 583
4235, 388
4236, 2577
4237, 1721
4238, 6053
4239, 14852
4240, 1697
4241, 4544
4242, 1766
4243, 912
4244, 493
4245, 1931
4246, 9868
4247, 567
4248, 3531
4249, 2071
4250, 3048
4251, 2568
4252, 855
4253, 831
4254, 1137
4255, 1631
4256, 1048
4257, 679
4258, 1314
4259, 1991
4260, 1264
4261, 2823
4262, 2347
4263, 2035
4264, 1160
4265, 1224
4266, 1798
4267, 405
4268, 426
4269, 721
4270, 834
4271, 724
4272, 1819
4273, 4513
4274, 2411
4275, 1154
4276, 7244
4277, 1705
4278, 1723
4279, 710
4280, 952
4281, 2492
4282, 1636
4283, 1726
4284, 1482
4285, 1038
4286, 1192
4287, 1168
4289, 2823
4290, 1028
4291, 451
4292, 796
4293, 8117
4294, 2058
4295, 2710
4296, 835
4297, 2263
4298, 2083
4299, 3079
4300, 2920
4301, 1151
4303, 1148
4304, 2054
4305, 2411
4306, 1926
4307, 1326
4308, 1274
4309, 883
4310, 1380
4311, 795
4312, 740
4313, 772
4314, 953
4315, 4923
4316, 1370
4317, 872
4318, 612
4319, 1259
4320, 2054
4321, 5763
4322, 634
4323, 440
4324, 1363
4325, 1207
4326, 368
4327, 1252
4328, 1150
4329, 1368
4330, 499
4331, 1523
4332, 527
4333, 4007
4334, 839
4335, 3975
4336, 4788
4337, 487
4338, 3017
4339, 1128
4340, 789
4341, 1471
4342, 651
4343, 4465
4344, 741
4345, 1560
4346, 596
4347, 1540
4348, 2266
4350, 1049
4351, 2482
4352, 1139
4353, 2538
4354, 1219
4355, 1801
4356, 2203
4357, 2273
4358, 1948
4359, 652
4360, 925
4361, 2970
4362, 1323
4363, 3492
4364, 319
4365, 1999
4366, 1089
4367, 2663
4368, 1050
4369, 3839
4370, 6594
4371, 1835
4372, 3226
4373, 2227
4374, 2296
4375, 3349
4376, 358
4377, 815
4379, 2872
4380, 775
4381, 627
4382, 4236
4383, 1586
4384, 1047
4385, 1233
4386, 4757
4387, 2436
4388, 1707
4389, 456
4390, 7611
4391, 664
4392, 433
4393, 956
4394, 337
4395, 823
4396, 1568
4397, 4787
4398, 1791
4399, 1027
4400, 3418
4401, 1916
4402, 562
4403, 6256
4404, 934
4405, 1078
4406, 1316
4407, 2112
4408, 5627
4409, 1141
4410, 9094
4411, 855
4412, 1222
4413, 1615
4414, 2300
4415, 1849
4416, 3007
4417, 2315
4418, 1372
4419, 1008
4420, 1111
4421, 2604
4422, 1763
4423, 1080
4424, 1450
4426, 1016
4427, 3299
4428, 1407
4429, 1196
4430, 1213
4431, 7339
4432, 723
4433, 3657
4434, 2157
4435, 2215
4436, 2162
4437, 2641
4438, 1178
4439, 2452
4440, 838
4441, 2604
4442, 945
4443, 729
4444, 9457
4445, 2246
4446, 789
4447, 2351
4448, 2684
4449, 1988
4450, 6315
4451, 1120
4452, 3957
4453, 7296
4454, 1556
4455, 2137
4456, 1274
4457, 1021
4458, 1291
4459, 3733
4460, 4095
4461, 1870
4462, 1945
4463, 3054
4464, 411
4465, 589
4466, 2270
4467, 1603
4468, 1377
4469, 1684
4470, 1181
4471, 601
4472, 948
4473, 971
4474, 949
4475, 4474
4476, 3958
4477, 882
4478, 604
4479, 2557
4480, 1792
4481, 698
4482, 1132
4483, 543
4484, 873
4485, 6558
4486, 2221
4487, 1075
4488, 1511
4489, 984
4490, 664
4491, 781
4492, 729
4493, 1318
4494, 1250
4495, 873
4496, 895
4497, 3251
4498, 5022
4499, 1105
4500, 40
4501, 836
4502, 744
4503, 1006
4504, 10953
4505, 1700
4506, 1738
4507, 3175
4508, 960
4509, 1219
4510, 764
4511, 2189
4512, 1714
4513, 1148
4514, 1123
4515, 2578
4516, 1404
4517, 449
4518, 476
4519, 3469
4520, 1432
4521, 896
4522, 4080
4523, 6035
4525, 3660
4526, 1449
4527, 2073
4528, 1730
4529, 3959
4530, 3159
4531, 1268
4532, 892
4533, 1350
4534, 1045
4535, 2049
4536, 930
4537, 730
4538, 636
4539, 1907
4540, 4870
4541, 1016
4542, 1227
4543, 1855
4544, 1732
4545, 512
4546, 400
4547, 6067
4548, 1995
4549, 1994
4550, 2999
4551, 3072
4552, 1119
4553, 3605
4554, 667
4556, 1159
4557, 1235
4558, 6905
4559, 292
4560, 675
4562, 1502
4563, 520
4564, 640
4565, 2288
4566, 832
4567, 965
4568, 3680
4569, 1502
4570, 1407
4571, 2800
4572, 1605
4573, 913
4574, 430
4575, 1166
4576, 2394
4577, 1356
4578, 642
4579, 1722
4580, 2155
4581, 4208
4582, 2284
4583, 2987
4584, 3518
4585, 2473
4586, 7253
4587, 1372
4588, 1898
4589, 448
4590, 2436
4591, 3780
4593, 3103
4594, 692
4595, 382
4596, 1032
4597, 357
4598, 2352
4599, 1980
4600, 4179
4601, 2872
4602, 2379
4603, 602
4604, 1754
4605, 1603
4606, 4047
4607, 1252
4608, 2189
4609, 879
4610, 983
4611, 642
4612, 3391
4613, 750
4614, 1978
4615, 2725
4616, 1313
4617, 719
4618, 2292
4619, 2150
4620, 3417
4621, 2717
4622, 1314
4623, 2326
4624, 1992
4625, 4289
4626, 2192
4627, 1797
4628, 1402
4629, 968
4630, 1295
4631, 1125
4632, 1399
4633, 1739
4634, 893
4635, 2302
4636, 859
4637, 4217
4639, 3267
4640, 2209
4641, 823
4642, 1351
4643, 2284
4644, 863
4645, 1987
4646, 1404
4648, 1764
4649, 2312
4650, 3720
4651, 1956
4652, 1065
4653, 2228
4654, 1385
4655, 705
4656, 2359
4657, 604
4658, 688
4659, 2657
4660, 1001
4661, 3617
4662, 1585
4663, 818
4664, 2395
4665, 1867
4666, 2828
4667, 2239
4668, 1500
4669, 4164
4670, 695
4671, 2373
4672, 1000
4673, 937
4674, 1596
4675, 1972
4676, 888
4677, 2511
4678, 3780
4679, 4112
4680, 802
4681, 1119
4682, 763
4683, 1927
4684, 1521
4685, 1221
4686, 804
4687, 1828
4688, 953
4689, 429
4690, 1749
4691, 2412
4692, 2794
4693, 1121
4694, 3105
4695, 1503
4696, 2208
4697, 900
4698, 2806
4699, 2455
4700, 13660
4701, 963
4702, 4502
4703, 2607
4704, 1596
4705, 2945
4706, 2236
4707, 11
4708, 774
4709, 4776
4710, 1137
4711, 828
4712, 5684
4713, 1942
4714, 651
4715, 3098
4716, 2349
4718, 1323
4719, 2388
4720, 1152
4721, 1342
4722, 988
4723, 822
4724, 1040
4725, 1014
4726, 457
4727, 609
4728, 2643
4729, 399
4730, 1308
4731, 778
4732, 1396
4733, 2525
4734, 1543
4735, 1279
4736, 3002
4737, 1483
4738, 2305
4739, 957
4740, 2043
4741, 3453
4742, 2101
4743, 770
4744, 481
4746, 832
4747, 336
4748, 543
4749, 2352
4750, 3059
4751, 3803
4752, 214
4753, 2295
4754, 479
4755, 1811
4756, 1128
4757, 7819
4758, 1974
4759, 379
4760, 6047
4762, 1066
4763, 316
4764, 1859
4765, 1550
4766, 646
4767, 1494
4768, 1254
4769, 2115
4770, 2131
4771, 1474
4772, 1441
4773, 501
4774, 823
4775, 2177
4776, 1933
4777, 4027
4778, 908
4779, 3157
4780, 114
4781, 676
4782, 1295
4783, 3573
4784, 3912
4786, 3218
4787, 587
4788, 733
4789, 1790
4790, 1413
4791, 325
4792, 2840
4793, 15752
4794, 2645
4795, 2388
4797, 4932
4798, 2904
4799, 3426
4800, 1579
4801, 5667
4802, 1771
4803, 1875
4804, 1930
4805, 1388
4806, 1708
4807, 361
4808, 776
4809, 812
4810, 3515
4811, 3140
4812, 4841
4813, 510
4814, 676
4815, 970
4816, 702
4817, 1210
4819, 2180
4820, 2228
4821, 607
4823, 2634
4824, 1853
4825, 1245
4826, 305
4827, 1789
4828, 2567
4829, 555
4830, 198
4831, 1953
4832, 999
4833, 5186
4834, 1501
4835, 2168
4836, 2105
4837, 938
4838, 951
4839, 2164
4840, 8198
4841, 1265
4842, 1347
4844, 535
4845, 3257
4846, 1694
4847, 1768
4848, 2809
4849, 841
4850, 4243
4851, 825
4852, 2327
4854, 1660
4855, 2279
4856, 2105
4857, 3245
4858, 1493
4860, 1685
4861, 2595
4862, 1454
4863, 684
4864, 4007
4865, 3612
4866, 2257
4867, 2826
4868, 616
4869, 3370
4870, 1006
4871, 2300
4872, 1187
4873, 1889
4874, 1455
4875, 3272
4877, 4916
4878, 414
4879, 1117
4880, 434
4881, 339
4882, 1873
4883, 335
4886, 6378
4887, 754
4888, 4991
4889, 978
4890, 1448
4891, 504
4892, 1714
4893, 816
4894, 5279
4895, 1124
4896, 2000
4897, 716
4898, 2718
4899, 562
4900, 2053
4901, 3006
4903, 2203
4904, 566
4906, 1976
4907, 703
4908, 1713
4909, 1780
4910, 464
4911, 270
4912, 1353
4913, 1279
4914, 1787
4915, 1282
4916, 424
4917, 1258
4918, 3889
4919, 1033
4920, 1782
4921, 1082
4922, 1279
4923, 685
4924, 4143
4925, 1407
4926, 2602
4927, 1283
4928, 263
4929, 1301
4930, 597
4931, 3786
4932, 1118
4933, 1943
4934, 738
4935, 7333
4936, 2681
4937, 1183
4938, 2703
4939, 1478
4940, 1483
4941, 1230
4942, 589
4943, 3424
4944, 984
4945, 2602
4947, 5159
4948, 788
4949, 1952
4950, 2581
4951, 1395
4952, 455
4953, 1742
4954, 1109
4955, 1593
4956, 523
4957, 835
4958, 799
4959, 477
4960, 7232
4961, 2523
4962, 1005
4963, 2887
4964, 1365
4965, 3855
4966, 2390
4967, 896
4968, 874
4969, 1660
4970, 2525
4971, 9458
4972, 1917
4973, 2060
4974, 474
4975, 886
4976, 1358
4977, 644
4978, 3234
4979, 1043
4980, 798
4981, 577
4982, 1051
4983, 6327
4984, 1331
4985, 2077
4986, 2821
4987, 434
4988, 2079
4989, 4434
4990, 1401
4991, 1469
4992, 1443
4993, 1494
4994, 2716
4995, 589
4996, 2396
4997, 1659
4998, 5214
4999, 909
5000, 7222
5001, 3325
5002, 11515
5003, 3002
5004, 12587
5005, 6532
5006, 5014
5007, 9609
5008, 4871
5009, 2412
5010, 4565
5011, 162
5012, 2553
5013, 3181
5014, 978
5015, 8947
5016, 6258
5017, 4257
5018, 3516
5019, 975
5020, 1755
5021, 1919
5022, 406
5023, 703
5024, 4283
5025, 3459
5026, 4167
5027, 5257
5028, 1546
5029, 1263
5030, 3393
5031, 2014
5032, 1711
5033, 825
5034, 757
5035, 2471
5036, 1793
5037, 3405
5038, 2532
5039, 2932
5040, 1526
5041, 6407
5042, 1817
5043, 593
5044, 2292
5045, 5981
5046, 3002
5047, 611
5049, 2547
5050, 8885
5051, 1519
5052, 12382
5053, 1960
5054, 2300
5055, 5102
5056, 3681
5057, 2257
5058, 1044
5059, 1148
5060, 792
5061, 6205
5062, 725
5063, 2204
5064, 1672
5065, 2046
5066, 1527
5067, 2067
5068, 1007
5069, 4239
5070, 3121
5072, 1718
5073, 929
5074, 1300
5075, 1874
5076, 3511
5077, 882
5078, 2474
5079, 2662
5080, 805
5081, 862
5082, 4633
5083, 4481
5084, 783
5085, 1076
5086, 848
5087, 4539
5088, 618
5089, 953
5090, 886
5091, 3192
5092, 5041
5093, 2493
5094, 1567
5095, 1923
5096, 1367
5097, 320
5098, 1818
5099, 3871
5100, 3960
5101, 1415
5102, 1637
5103, 2996
5104, 1316
5105, 1746
5106, 1824
5107, 681
5108, 2932
5109, 2360
5110, 601
5111, 4354
5112, 1320
5113, 1475
5114, 2095
5115, 895
5116, 773
5117, 4748
5118, 965
5119, 2865
5120, 3152
5121, 2824
5122, 3093
5123, 1403
5124, 1146
5125, 707
5126, 1375
5127, 3033
5128, 15069
5129, 1048
5130, 1514
5131, 1749
5132, 2461
5133, 1627
5134, 656
5135, 1677
5136, 2409
5137, 2460
5139, 878
5140, 1239
5141, 1672
5142, 1754
5143, 727
5144, 2247
5145, 1939
5146, 437
5147, 2301
5148, 997
5149, 565
5150, 3171
5151, 6677
5152, 3665
5153, 1031
5154, 1307
5155, 801
5156, 1068
5157, 2028
5158, 3091
5159, 2844
5160, 1403
5161, 2596
5162, 1941
5163, 961
5164, 1929
5165, 1590
5166, 713
5168, 1480
5169, 1106
5170, 2564
5171, 816
5172, 2839
5173, 625
5174, 1062
5175, 4685
5176, 1591
5177, 1110
5178, 5753
5179, 1553
5180, 3503
5181, 1893
5182, 1835
5183, 1035
5184, 925
5185, 872
5186, 4084
5187, 1148
5188, 1234
5189, 840
5190, 327
5191, 1249
5192, 1749
5193, 593
5195, 1074
5196, 503
5197, 938
5198, 1360
5199, 1624
5200, 1051
5201, 1781
5202, 1458
5203, 1745
5204, 2981
5205, 659
5206, 2089
5207, 1500
5208, 4033
5209, 2002
5210, 1715
5211, 1296
5212, 1403
5213, 4051
5214, 984
5215, 857
5216, 1722
5217, 2595
5218, 732
5219, 415
5220, 3922
5221, 8947
5222, 1297
5223, 8340
5224, 345
5225, 4883
5226, 1498
5227, 4794
5228, 1417
5229, 982
5230, 887
5231, 1510
5232, 6302
5233, 1454
5234, 2109
5235, 565
5236, 5588
5237, 516
5239, 2067
5240, 7163
5241, 3058
5242, 2601
5243, 3250
5244, 2084
5245, 2717
5246, 2395
5247, 983
5248, 1436
5249, 635
5250, 3388
5251, 5481
5252, 3774
5254, 2847
5255, 4330
5256, 933
5257, 1941
5258, 284
5259, 939
5260, 3356
5261, 1055
5262, 818
5263, 1150
5264, 1191
5265, 723
5266, 2924
5267, 4375
5268, 2154
5269, 288
5270, 2236
5271, 978
5272, 643
5273, 1751
5274, 2045
5275, 3421
5276, 2190
5277, 1105
5278, 1456
5279, 2062
5280, 1598
5281, 4060
5282, 832
5283, 548
5284, 2154
5285, 630
5286, 1437
5287, 310
5288, 1197
5289, 634
5290, 1600
5291, 2842
5292, 6934
5293, 776
5294, 1615
5295, 2393
5296, 3150
5297, 587
5298, 724
5299, 1993
5300, 4051
5301, 905
5302, 964
5303, 702
5304, 1525
5305, 1561
5306, 1250
5307, 1821
5308, 563
5309, 4013
5310, 1902
5311, 967
5312, 1900
5313, 993
5314, 5694
5315, 459
5316, 2563
5317, 3720
5318, 4751
5319, 668
5320, 1476
5321, 1100
5322, 4056
5323, 4373
5324, 454
5325, 972
5326, 609
5327, 4000
5328, 3249
5329, 1151
5330, 1869
5331, 893
5332, 519
5333, 1295
5334, 597
5335, 7282
5336, 1220
5337, 631
5338, 1269
5339, 891
5340, 2500
5341, 1469
5342, 2261
5343, 2786
5344, 781
5345, 4462
5346, 1875
5347, 588
5348, 742
5349, 719
5350, 1906
5351, 3330
5352, 1143
5353, 3759
5354, 1294
5355, 875
5356, 226
5357, 1345
5358, 2457
5359, 735
5360, 1403
5361, 1389
5362, 885
5363, 1240
5364, 104
5365, 3057
5366, 1820
5367, 3338
5368, 3436
5369, 2596
5370, 1480
5371, 596
5372, 1020
5373, 8044
5374, 1884
5375, 3368
5376, 2133
5377, 1213
5378, 492
5379, 3407
5380, 1011
5381, 1276
5382, 7312
5383, 1691
5384, 5841
5385, 2120
5386, 836
5387, 1446
5389, 5375
5390, 596
5391, 3054
5392, 15735
5393, 1049
5394, 894
5395, 1615
5396, 724
5397, 2837
5398, 1660
5399, 1607
5400, 8951
5401, 942
5402, 2666
5404, 447
5405, 2237
5406, 945
5407, 2355
5408, 716
5409, 368
5410, 944
5411, 2481
5412, 972
5413, 1012
5414, 1254
5415, 8126
5416, 1723
5417, 749
5418, 1138
5419, 2267
5420, 4245
5421, 3648
5422, 2345
5423, 3602
5424, 3112
5425, 1374
5426, 328
5427, 746
5428, 3242
5429, 333
5430, 430
5431, 726
5432, 1031
5433, 1768
5434, 1805
5435, 4936
5436, 1249
5437, 4086
5438, 1502
5439, 312
5440, 943
5441, 3419
5442, 2746
5443, 929
5444, 2962
5445, 434
5446, 808
5447, 1495
5448, 8786
5449, 852
5450, 550
5451, 5946
5452, 6213
5453, 1801
5454, 608
5455, 683
5456, 1025
5457, 5469
5458, 352
5459, 2085
5460, 1738
5461, 685
5462, 2767
5463, 1049
5464, 791
5465, 956
5466, 4344
5467, 2363
5468, 2030
5469, 5793
5470, 4079
5471, 703
5472, 6765
5473, 1577
5474, 745
5475, 1950
5476, 666
5477, 1572
5478, 2387
5479, 2685
5480, 986
5481, 1459
5482, 2433
5484, 1948
5485, 2422
5486, 824
5487, 1923
5488, 3397
5489, 1822
5490, 2828
5491, 1006
5492, 1702
5493, 6331
5494, 1770
5495, 3318
5496, 4198
5497, 1676
5498, 1876
5499, 361
5500, 2689
5501, 4485
5502, 1102
5503, 1980
5504, 3120
5505, 797
5506, 2095
5507, 1352
5508, 843
5509, 2618
5510, 204
5511, 445
5512, 4904
5513, 2103
5514, 5098
5515, 657
5516, 2555
5517, 1959
5518, 1314
5519, 864
5520, 4782
5522, 1438
5523, 589
5524, 1262
5525, 2037
5526, 3440
5527, 1222
5528, 5685
5529, 964
5530, 2310
5531, 808
5532, 525
5533, 1475
5534, 875
5535, 698
5536, 5242
5537, 425
5538, 256
5540, 748
5541, 4525
5542, 1439
5543, 1377
5544, 5846
5545, 6008
5546, 578
5547, 394
5548, 713
5549, 5971
5550, 4134
5551, 1502
5552, 7295
5553, 1597
5554, 1922
5555, 10551
5556, 1169
5557, 950
5558, 2295
5559, 4125
5560, 2560
5561, 2211
5562, 564
5563, 4534
5564, 851
5565, 686
5567, 3603
5568, 1655
5570, 1978
5571, 4359
5572, 10606
5573, 4029
5574, 3997
5575, 955
5576, 1652
5577, 1272
5578, 2459
5579, 674
5580, 5941
5581, 545
5582, 780
5583, 3966
5584, 3959
5585, 7027
5586, 1495
5587, 824
5588, 834
5589, 562
5590, 2295
5591, 2651
5592, 520
5594, 2820
5595, 3374
5596, 1236
5597, 2205
5598, 2896
5599, 604
5600, 4486
5601, 1570
5603, 3678
5604, 1538
5605, 3329
5606, 542
5607, 1785
5608, 1515
5609, 527
5610, 386
5611, 539
5612, 2401
5613, 2642
5614, 2836
5615, 2172
5616, 14176
5617, 1353
5618, 771
5619, 344
5620, 1443
5621, 2202
5622, 1351
5623, 2579
5624, 1402
5625, 3097
5626, 2475
5627, 1026
5628, 1000
5629, 3883
5630, 541
5631, 1395
5632, 4549
5633, 2851
5634, 2262
5635, 988
5636, 4577
5637, 3497
5638, 4534
5639, 2471
5640, 1076
5641, 6449
5642, 741
5643, 1271
5644, 3259
5645, 367
5646, 72
5647, 846
5649, 569
5650, 867
5651, 1379
5652, 269
5653, 2891
5654, 854
5655, 990
5656, 5906
5657, 4755
5658, 1441
5659, 2378
5660, 3339
5661, 775
5662, 3615
5663, 2244
5664, 394
5665, 379
5666, 2993
5667, 1281
5668, 2123
5669, 1453
5670, 1799
5671, 3495
5672, 3520
5673, 3860
5674, 1331
5675, 1438
5676, 1119
5677, 664
5678, 3694
5679, 1376
5680, 1502
5681, 3194
5682, 3822
5683, 2455
5684, 513
5685, 3374
5686, 817
5687, 4339
5688, 1717
5689, 1079
5690, 1845
5691, 1493
5692, 4382
5693, 731
5694, 1118
5695, 604
5696, 2922
5697, 1789
5698, 1717
5699, 641
5700, 10140
5701, 2905
5702, 2805
5703, 2309
5704, 745
5705, 920
5706, 832
5707, 1512
5708, 3797
5709, 307
5712, 3180
5713, 892
5714, 519
5715, 6926
5716, 1798
5717, 1136
5718, 2032
5719, 1240
5720, 536
5721, 2111
5722, 1232
5723, 1570
5724, 1602
5725, 1722
5726, 3450
5727, 731
5728, 4786
5729, 1141
5730, 1507
5731, 1429
5732, 2254
5733, 2964
5734, 634
5735, 1053
5736, 1916
5737, 3039
5738, 1664
5739, 727
5740, 1440
5741, 1581
5742, 2289
5743, 1416
5744, 777
5745, 2588
5747, 865
5748, 1371
5749, 1500
5750, 649
5751, 2354
5752, 2816
5753, 956
5754, 974
5755, 2464
5756, 1709
5757, 2153
5758, 1770
5759, 1352
5760, 530
5761, 5825
5762, 794
5763, 1921
5764, 2800
5765, 2521
5766, 1511
5767, 2055
5768, 894
5769, 4801
5770, 787
5771, 1596
5772, 486
5773, 1186
5774, 2808
5775, 2772
5776, 1960
5777, 1680
5778, 7365
5779, 2636
5780, 1614
5781, 617
5782, 1441
5783, 1606
5784, 2942
5785, 2437
5786, 602
5787, 1857
5788, 184
5789, 1342
5790, 807
5791, 574
5792, 923
5793, 472
5794, 2605
5795, 4679
5796, 2449
5797, 2184
5798, 1703
5799, 624
5800, 2577
5801, 953
5802, 10777
5803, 596
5804, 1442
5805, 391
5806, 895
5807, 2291
5808, 1066
5809, 462
5810, 1663
5811, 1083
5812, 771
5813, 4212
5814, 2760
5815, 1185
5816, 924
5817, 3494
5818, 1228
5819, 1014
5820, 1908
5821, 490
5822, 808
5823, 546
5824, 2918
5825, 3555
5827, 1575
5828, 3752
5829, 1091
5830, 5348
5831, 2071
5832, 465
5833, 331
5834, 1745
5835, 1030
5836, 587
5837, 1370
5838, 713
5839, 1229
5840, 1803
5841, 3740
5842, 1507
5843, 1900
5844, 1854
5845, 1872
5846, 1419
5847, 1415
5848, 862
5849, 326
5850, 3733
5851, 995
5852, 636
5853, 8122
5854, 1050
5855, 700
5856, 840
5857, 785
5858, 3420
5859, 3598
5860, 5369
5861, 1888
5862, 3115
5863, 661
5864, 4061
5865, 757
5866, 3003
5867, 1110
5868, 1684
5869, 932
5870, 2851
5871, 623
5872, 1822
5873, 916
5874, 3175
5875, 3019
5876, 677
5877, 4540
5878, 3199
5879, 865
5880, 3996
5881, 2428
5882, 2330
5883, 1597
5884, 346
5885, 1117
5886, 705
5887, 2231
5888, 2567
5889, 2770
5890, 4472
5891, 4195
5892, 2722
5893, 2708
5894, 352
5895, 1188
5896, 819
5897, 3157
5898, 3405
5899, 997
5900, 2282
5902, 3202
5903, 1916
5904, 2044
5905, 1586
5906, 1672
5907, 778
5908, 649
5909, 647
5910, 1433
5911, 3568
5912, 691
5913, 4672
5914, 1085
5915, 380
5916, 901
5917, 3236
5918, 1492
5919, 471
5920, 1660
5921, 136
5922, 893
5923, 3103
5924, 889
5925, 1621
5926, 2275
5927, 2987
5928, 5967
5930, 5487
5931, 626
5932, 4964
5933, 1756
5934, 1474
5935, 12050
5936, 5791
5937, 408
5938, 2341
5939, 3107
5940, 695
5941, 1380
5942, 600
5943, 1608
5944, 4348
5945, 883
5947, 1644
5948, 813
5949, 721
5950, 643
5951, 2301
5952, 7713
5953, 1141
5954, 1751
5955, 839
5956, 2844
5957, 5635
5958, 3154
5959, 2069
5960, 1347
5961, 1564
5962, 1490
5963, 2641
5964, 2063
5965, 1447
5966, 929
5967, 3542
5968, 2340
5969, 1417
5970, 806
5971, 4977
5972, 577
5973, 1869
5974, 9013
5975, 4863
5976, 1124
5978, 763
5979, 592
5980, 692
5981, 1710
5982, 3989
5983, 546
5984, 1085
5985, 9543
5986, 1188
5987, 1584
5988, 1083
5989, 2965
5990, 2082
5991, 896
5992, 3221
5993, 1857
5994, 3458
5996, 4706
5997, 5114
5998, 985
5999, 122
6000, 1723
6001, 12254
6002, 7469
6003, 7363
6004, 13900
6005, 9005
6006, 5717
6007, 4926
6008, 3430
6009, 12860
6010, 3417
6011, 4255
6012, 3210
6013, 21515
6014, 4159
6015, 3650
6016, 2028
6017, 11
6018, 3190
6019, 9767
6020, 9283
6021, 1088
6022, 1909
6023, 613
6024, 2321
6025, 6641
6026, 4139
6027, 775
6028, 4713
6029, 7602
6030, 7139
6031, 225
6032, 4749
6033, 2084
6034, 2501
6035, 738
6036, 1045
6038, 3157
6039, 1472
6041, 3088
6042, 3345
6043, 5670
6044, 2686
6045, 1833
6046, 436
6047, 8714
6048, 5562
6049, 2264
6050, 1935
6051, 4404
6052, 1666
6053, 1186
6054, 631
6055, 4827
6056, 1502
6057, 1735
6058, 287
6059, 2103
6060, 4532
6061, 2831
6062, 2985
6063, 6258
6064, 2663
6065, 1927
6066, 1754
6067, 1050
6068, 1494
6069, 7959
6070, 6662
6071, 1010
6072, 1664
6073, 8284
6074, 2271
6075, 2648
6076, 2578
6077, 216
6078, 2062
6079, 2530
6080, 14902
6081, 4054
6082, 929
6083, 3085
6084, 1263
6085, 2991
6086, 9567
6087, 1102
6088, 603
6089, 326
6090, 36484
6091, 5616
6092, 4177
6093, 778
6094, 5347
6095, 1849
6096, 1978
6097, 1130
6098, 1825
6099, 3728
6100, 3868
6101, 365
6102, 280
6103, 3985
6104, 2185
6105, 3686
6106, 948
6107, 728
6108, 3353
6109, 3239
6110, 3360
6111, 3930
6112, 1867
6113, 11880
6114, 1680
6115, 918
6116, 2438
6117, 4434
6118, 5770
6119, 2743
6120, 4202
6121, 3600
6122, 8543
6123, 3046
6124, 435
6125, 3477
6126, 14511
6127, 1670
6128, 529
6129, 21252
6130, 710
6131, 867
6132, 1178
6133, 697
6134, 3389
6135, 322
6136, 5403
6137, 2285
6138, 3330
6139, 893
6140, 1241
6141, 3631
6142, 2177
6143, 2001
6144, 1919
6145, 942
6146, 6753
6147, 3682
6148, 8615
6149, 8379
6150, 226
6151, 1307
6152, 5433
6153, 4871
6154, 280
6155, 1606
6156, 2576
6157, 3222
6158, 706
6159, 27270
6160, 2641
6161, 591
6162, 916
6163, 5903
6164, 4132
6165, 969
6166, 7555
6167, 5253
6168, 10672
6169, 2372
6170, 7561
6171, 758
6172, 5441
6173, 3352
6174, 12470
6175, 928
6176, 1222
6177, 2387
6178, 1638
6179, 176
6180, 2238
6181, 911
6182, 2031
6183, 5770
6184, 2361
6185, 696
6186, 653
6187, 3672
6188, 1931
6189, 3323
6190, 3696
6191, 1411
6192, 1668
6193, 1218
6194, 1690
6196, 3923
6197, 1035
6198, 6359
6199, 2658
6200, 25850
6201, 3021
6202, 1986
6203, 1976
6204, 761
6205, 3302
6207, 634
6208, 303
6209, 4783
6210, 3367
6211, 1850
6212, 1710
6213, 2853
6214, 3433
6215, 296
6216, 2843
6217, 12820
6218, 7532
6219, 580
6220, 10402
6221, 2518
6222, 947
6223, 6569
6224, 2000
6225, 3551
6226, 1140
6227, 784
6228, 550
6229, 6621
6230, 1076
6231, 2311
6232, 4605
6233, 1672
6234, 1752
6235, 1064
6236, 20220
6237, 4110
6238, 284
6239, 2346
6240, 5927
6241, 1739
6242, 2284
6243, 2016
6244, 2570
6245, 1541
6246, 1082
6247, 335
6248, 830
6249, 2878
6250, 3489
6251, 2131
6252, 1548
6253, 7211
6254, 1621
6255, 597
6256, 3267
6257, 2440
6258, 1322
6259, 2028
6260, 3445
6261, 2105
6262, 2113
6263, 202
6264, 2896
6265, 2818
6266, 1082
6267, 314
6268, 3269
6269, 3390
6270, 848
6271, 2050
6272, 1197
6273, 5057
6274, 4787
6275, 1618
6276, 3804
6277, 3636
6278, 5180
6279, 2599
6280, 2790
6282, 394
6283, 5075
6284, 1968
6285, 588
6286, 2557
6288, 10191
6289, 1354
6290, 2175
6291, 3950
6292, 642
6293, 1526
6294, 3151
6295, 781
6296, 747
6297, 5713
6298, 38
6299, 2544
6300, 8989
6301, 752
6302, 1960
6303, 5327
6304, 1745
6305, 5473
6306, 731
6307, 3778
6308, 7066
6309, 995
6310, 2416
6311, 1306
6312, 1687
6313, 743
6314, 9399
6315, 3772
6316, 1436
6317, 4547
6318, 5194
6319, 2092
6320, 1097
6321, 6959
6322, 2703
6323, 850
6324, 3526
6325, 2481
6326, 2933
6327, 1156
6328, 1923
6329, 1878
6330, 2410
6331, 3841
6332, 2197
6333, 1651
6334, 1798
6335, 1275
6336, 181
6337, 857
6338, 5689
6339, 1917
6340, 2288
6341, 1923
6342, 6759
6343, 463
6344, 9716
6345, 5935
6346, 482
6348, 805
6349, 621
6350, 3430
6351, 563
6352, 671
6353, 8039
6354, 617
6355, 2640
6356, 412
6357, 8046
6358, 3331
6359, 2093
6360, 5793
6361, 2618
6362, 1341
6363, 705
6364, 1657
6365, 4088
6366, 3315
6367, 999
6368, 3011
6369, 1836
6370, 3092
6371, 1295
6372, 1688
6373, 3075
6374, 7697
6375, 887
6376, 1852
6377, 2278
6378, 519
6380, 3441
6381, 559
6382, 12713
6383, 444
6384, 10071
6385, 3261
6386, 2477
6387, 259
6388, 1895
6389, 2599
6390, 1957
6391, 9193
6392, 3454
6393, 5188
6394, 1292
6395, 6296
6396, 3250
6397, 2759
6398, 2326
6399, 1812
6400, 228
6401, 2689
6402, 581
6403, 2684
6404, 348
6405, 1653
6406, 5144
6407, 2273
6408, 413
6409, 4765
6410, 3817
6411, 1008
6412, 9995
6413, 1061
6414, 2894
6415, 3400
6417, 531
6418, 1737
6419, 4716
6420, 2402
6421, 3486
6422, 9184
6423, 3980
6424, 628
6425, 1286
6426, 3495
6427, 459
6428, 4183
6429, 2624
6430, 1669
6431, 1059
6432, 2186
6433, 830
6434, 3003
6435, 305
6436, 2528
6437, 2098
6438, 1640
6439, 4677
6440, 3733
6441, 1095
6442, 762
6443, 3397
6444, 2113
6445, 1159
6446, 1420
6447, 1027
6448, 3000
6449, 1525
6450, 1026
6451, 1506
6452, 293
6453, 3060
6454, 1699
6455, 3340
6456, 2623
6457, 1145
6458, 3433
6459, 3492
6460, 4889
6462, 9099
6464, 6724
6465, 253
6466, 3888
6467, 8207
6468, 1398
6469, 800
6470, 317
6471, 3993
6472, 677
6473, 427
6474, 2739
6475, 2733
6476, 3209
6477, 908
6478, 711
6479, 11232
6480, 1860
6481, 1202
6482, 425
6483, 7405
6484, 3746
6485, 12240
6486, 1909
6487, 2182
6488, 14222
6490, 688
6491, 2821
6492, 2085
6493, 3283
6494, 3554
6495, 1846
6496, 1309
6497, 3906
6498, 3638
6499, 853
6500, 97649
6501, 1640
6502, 1346
6503, 3643
6504, 3478
6505, 1936
6506, 4652
6507, 1279
6508, 1616
6509, 407
6510, 313
6511, 2405
6512, 2540
6513, 2735
6514, 2628
6515, 2944
6516, 4886
6517, 4052
6518, 2387
6519, 5119
6520, 3881
6521, 5592
6522, 3423
6523, 3590
6524, 3669
6525, 1745
6526, 679
6527, 1253
6528, 3848
6529, 2540
6530, 3452
6531, 1867
6532, 1167
6533, 2731
6534, 1052
6535, 3110
6536, 1435
6537, 1045
6538, 5248
6539, 2683
6540, 2526
6541, 689
6542, 4989
6543, 678
6544, 995
6545, 1508
6546, 1159
6547, 742
6548, 8502
6549, 4441
6550, 4560
6551, 769
6552, 480
6553, 1005
6554, 578
6555, 417
6556, 1815
6557, 1449
6558, 1622
6559, 3111
6561, 1171
6562, 1274
6563, 1847
6564, 421
6565, 3962
6566, 6346
6567, 2180
6568, 8415
6569, 1022
6570, 2207
6571, 3224
6572, 849
6573, 444
6574, 2374
6575, 2221
6576, 1956
6577, 5881
6578, 316
6579, 1273
6580, 7320
6581, 716
6582, 1526
6583, 1111
6584, 642
6585, 1023
6586, 513
6587, 1061
6588, 931
6589, 1844
6591, 1285
6592, 4488
6593, 841
6594, 1310
6595, 2588
6596, 2218
6597, 3245
6598, 704
6599, 4154
6600, 6908
6601, 1010
6602, 2114
6603, 237
6604, 2462
6605, 526
6606, 11721
6607, 4361
6608, 2806
6609, 5078
6610, 1207
6611, 6257
6612, 139
6613, 486
6614, 2357
6615, 1976
6616, 6670
6617, 3334
6618, 4973
6620, 4218
6621, 4285
6622, 457
6623, 4407
6624, 9398
6625, 3720
6626, 2446
6628, 6632
6629, 4027
6631, 7347
6632, 465
6633, 2235
6634, 29
6635, 3534
6636, 984
6637, 2633
6638, 4259
6639, 2255
6640, 3228
6641, 1075
6642, 1744
6643, 1599
6644, 6527
6645, 861
6646, 5502
6647, 4204
6648, 7874
6649, 2089
6650, 5347
6651, 2006
6652, 1365
6653, 214
6654, 1146
6655, 1497
6656, 1809
6657, 1108
6658, 4434
6659, 6170
6660, 3283
6661, 1136
6662, 2097
6663, 631
6664, 2365
6665, 6124
6666, 23342
6667, 3777
6668, 2593
6669, 790
6670, 4095
6671, 3869
6672, 3188
6673, 487
6674, 3878
6675, 3003
6676, 5750
6677, 4002
6678, 1945
6679, 856
6680, 1459
6681, 2835
6682, 3076
6683, 2578
6684, 3386
6685, 1124
6686, 3773
6687, 2328
6688, 2448
6689, 4426
6690, 3027
6691, 1377
6692, 621
6693, 4035
6694, 744
6695, 2302
6696, 428
6697, 2418
6698, 1775
6699, 4158
6700, 11287
6701, 561
6702, 696
6703, 6173
6704, 855
6705, 2845
6706, 1343
6707, 606
6708, 435
6709, 7409
6710, 2292
6711, 5367
6712, 703
6713, 8472
6714, 3072
6715, 14156
6716, 2470
6717, 7224
6718, 1034
6719, 1970
6720, 1277
6721, 6458
6722, 6429
6723, 1711
6724, 530
6725, 1024
6726, 408
6727, 1006
6728, 1366
6729, 4626
6731, 3014
6732, 1303
6733, 4827
6734, 1519
6735, 563
6736, 4546
6737, 4667
6738, 4578
6739, 805
6740, 962
6742, 189
6743, 2248
6744, 2600
6745, 1962
6747, 6830
6748, 3616
6749, 1426
6750, 1362
6751, 1230
6752, 1940
6753, 788
6754, 2779
6755, 5465
6756, 851
6757, 1928
6758, 2075
6759, 3929
6761, 2788
6762, 1863
6763, 2524
6764, 1266
6765, 28465
6766, 1705
6767, 4324
6768, 1087
6769, 1724
6770, 394
6771, 1308
6772, 9218
6773, 2194
6774, 4595
6775, 2714
6776, 4889
6777, 2338
6778, 740
6779, 786
6780, 2446
6781, 604
6782, 504
6783, 6159
6784, 1440
6785, 1958
6786, 7792
6787, 1564
6788, 350
6789, 6616
6790, 582
6791, 4067
6792, 2050
6793, 1812
6794, 1043
6795, 3760
6796, 2722
6797, 1876
6798, 957
6799, 537
6800, 8016
6801, 2760
6802, 567
6803, 2849
6804, 322
6805, 1996
6806, 3760
6807, 1093
6808, 4197
6809, 10264
6810, 3498
6811, 1733
6812, 3128
6813, 1423
6814, 1893
6815, 1059
6816, 1149
6817, 469
6818, 1651
6819, 2725
6820, 5705
6821, 5123
6822, 1673
6823, 2626
6824, 956
6825, 1207
6826, 3770
6827, 1157
6828, 4814
6829, 3043
6830, 5169
6831, 1171
6832, 744
6833, 12062
6834, 726
6835, 1300
6836, 5263
6837, 528
6838, 957
6839, 3577
6840, 1069
6841, 250
6842, 4899
6843, 3807
6844, 1447
6845, 484
6846, 765
6847, 1145
6848, 3288
6849, 11124
6850, 5976
6851, 5673
6852, 1192
6853, 1428
6854, 917
6856, 3530
6857, 3269
6858, 5109
6859, 4250
6860, 1891
6861, 306
6862, 1267
6863, 816
6864, 4467
6865, 3607
6866, 4650
6867, 309
6868, 821
6869, 1573
6870, 606
6871, 975
6872, 2245
6873, 1255
6874, 1013
6875, 1232
6876, 493
6877, 2288
6878, 916
6879, 13445
6880, 534
6881, 3329
6882, 1369
6883, 11656
6884, 3471
6885, 10443
6886, 6063
6887, 1753
6888, 701
6889, 768
6890, 5556
6891, 2544
6892, 171
6894, 2423
6895, 2116
6896, 6046
6897, 3270
6898, 1357
6899, 347
6900, 8025
6902, 295
6903, 767
6904, 2378
6905, 1006
6906, 947
6907, 6872
6908, 899
6909, 1388
6910, 2132
6911, 971
6912, 9915
6913, 1688
6914, 324
6915, 951
6916, 7932
6917, 5236
6918, 3769
6919, 2990
6920, 4572
6921, 4056
6922, 1148
6923, 3973
6924, 2747
6925, 1284
6926, 710
6927, 4290
6928, 1334
6929, 474
6930, 4788
6931, 662
6932, 4435
6933, 818
6934, 4157
6935, 2822
6936, 3069
6937, 7811
6938, 478
6939, 2821
6940, 857
6941, 3638
6942, 7271
6943, 6877
6944, 5083
6945, 4136
6946, 3501
6947, 421
6948, 545
6949, 737
6950, 719
6951, 1880
6952, 5007
6953, 5790
6954, 4582
6955, 886
6956, 4395
6957, 453
6958, 4508
6959, 3033
6960, 2667
6961, 2282
6962, 1994
6963, 2934
6964, 2419
6966, 1747
6967, 1867
6968, 1917
6969, 1158
6970, 3768
6971, 7347
6972, 929
6973, 958
6974, 5468
6975, 644
6976, 1010
6977, 1426
6978, 771
6979, 7899
6980, 507
6981, 3226
6982, 563
6983, 1103
6984, 1372
6985, 465
6986, 428
6987, 6805
6988, 1915
6989, 767
6990, 1958
6991, 3281
6992, 5205
6994, 646
6995, 1092
6996, 5231
6997, 1492
6998, 3128
6999, 597
7000, 16273
7001, 9965
7002, 4201
7003, 5965
7004, 19728
7005, 11736
7006, 28393
7007, 4999
7008, 490
7009, 945
7010, 9379
7011, 13434
7012, 1281
7013, 1187
7014, 2179
7015, 20719
7016, 7572
7017, 4072
7018, 13541
7019, 1909
7020, 13321
7021, 8160
7022, 10812
7023, 5289
7024, 2873
7025, 582
7026, 1043
7027, 4398
7029, 1246
7030, 3755
7031, 3618
7032, 12788
7033, 3633
7034, 4846
7035, 8359
7036, 617
7037, 5680
7038, 8867
7039, 5842
7040, 3659
7041, 4820
7042, 5714
7043, 19320
7044, 2805
7045, 1460
7046, 10855
7047, 11269
7048, 1004
7049, 8811
7050, 1836
7051, 1074
7052, 941
7053, 3798
7054, 1590
7055, 492
7056, 3783
7057, 2239
7058, 1996
7059, 1520
7060, 2090
7061, 885
7062, 244
7063, 947
7064, 2221
7065, 3269
7066, 443
7067, 1361
7068, 4818
7069, 5908
7070, 4142
7071, 1542
7072, 1104
7073, 3122
7074, 849
7075, 4690
7076, 1965
7077, 5710
7078, 1466
7080, 2335
7081, 3590
7082, 1818
7083, 6574
7084, 1658
7085, 8750
7086, 1689
7087, 4775
7088, 3417
7089, 6387
7090, 3055
7091, 5398
7092, 373
7093, 3392
7094, 1483
7095, 3300
7096, 379
7097, 5937
7098, 664
7099, 5340
7100, 11727
7101, 12623
7102, 11361
7103, 449
7104, 1161
7105, 1025
7106, 416
7107, 3245
7109, 1338
7110, 4538
7111, 3077
7112, 1266
7113, 1076
7114, 6499
7115, 3770
7116, 3020
7117, 5088
7118, 2972
7119, 1657
7120, 5703
7121, 3371
7122, 5690
7123, 2528
7124, 1923
7125, 2739
7126, 591
7127, 711
7128, 504
7129, 2879
7130, 5126
7131, 3652
7132, 2186
7133, 3599
7134, 21607
7135, 14848
7136, 524
7137, 2411
7138, 2873
7139, 2226
7140, 9490
7141, 1734
7142, 7863
7143, 1850
7144, 1796
7145, 1578
7146, 4332
7147, 1884
7149, 667
7150, 4467
7151, 404
7152, 1701
7153, 726
7154, 3135
7155, 1286
7156, 2654
7157, 1707
7158, 2324
7159, 2701
7160, 4588
7161, 418
7162, 7261
7163, 6780
7164, 1606
7165, 529
7166, 1617
7167, 3785
7168, 3146
7169, 811
7170, 719
7171, 11622
7172, 740
7173, 5966
7174, 1091
7176, 3960
7177, 8723
7178, 1342
7180, 4032
7182, 4974
7183, 3248
7184, 677
7185, 5337
7186, 4461
7187, 1790
7188, 1572
7189, 6193
7190, 5322
7191, 1584
7192, 104
7194, 2504
7195, 1059
7196, 5830
7197, 265
7198, 2426
7199, 4527
7200, 892
7201, 1314
7202, 1715
7203, 2534
7204, 727
7205, 3395
7206, 5533
7207, 3143
7208, 1832
7209, 12861
7210, 5503
7211, 600
7212, 1296
7213, 878
7214, 3731
7215, 1458
7216, 5985
7217, 5498
7218, 5944
7219, 5341
7220, 579
7221, 979
7222, 2912
7223, 11218
7224, 3562
7225, 894
7226, 2957
7227, 1623
7228, 7776
7229, 3981
7230, 1244
7231, 1043
7232, 1221
7233, 7215
7234, 6373
7235, 1702
7236, 1727
7238, 6030
7239, 2302
7240, 895
7241, 1761
7242, 4209
7243, 20986
7244, 2571
7245, 2205
7246, 8206
7247, 568
7248, 398
7249, 2337
7250, 4872
7251, 1377
7252, 2334
7253, 874
7254, 461
7255, 4345
7256, 485
7257, 2196
7258, 3491
7259, 425
7260, 405
7261, 6251
7262, 6107
7263, 3328
7264, 1384
7265, 1568
7266, 1991
7267, 2336
7268, 13817
7269, 4298
7270, 1379
7271, 410
7272, 1469
7273, 2143
7275, 8749
7276, 9440
7277, 849
7278, 515
7279, 5486
7280, 3185
7281, 4265
7282, 3761
7283, 1996
7284, 7362
7285, 4936
7286, 901
7287, 1373
7288, 4370
7289, 2483
7290, 257
7291, 19229
7292, 2011
7293, 1524
7294, 1246
7295, 8278
7296, 3952
7297, 1503
7298, 2748
7299, 2063
7300, 1156
7301, 799
7302, 2507
7303, 2154
7304, 943
7305, 5906
7306, 10879
7307, 2823
7308, 647
7309, 2214
7310, 761
7311, 2242
7312, 12918
7313, 474
7314, 4622
7315, 3211
7316, 3604
7317, 3939
7318, 1467
7319, 901
7320, 2201
7321, 1811
7322, 400
7323, 5616
7324, 7075
7325, 1719
7326, 1631
7327, 2342
7328, 406
7329, 3461
7330, 822
7331, 2014
7332, 9545
7333, 1308
7334, 4043
7335, 12319
7336, 1609
7337, 2085
7338, 2137
7339, 758
7340, 1464
7342, 974
7343, 1459
7344, 1074
7345, 3075
7346, 6864
7347, 3169
7348, 244
7349, 1149
7350, 1401
7351, 1488
7352, 3396
7353, 3293
7354, 3133
7355, 1301
7356, 2111
7357, 1877
7358, 2059
7359, 91
7360, 1435
7361, 1237
7362, 963
7363, 842
7364, 4333
7365, 1010
7366, 1974
7367, 4498
7368, 3357
7370, 3756
7371, 3638
7372, 3794
7373, 6373
7374, 5757
7375, 3923
7376, 7747
7377, 4765
7378, 922
7379, 4123
7380, 1209
7381, 18839
7382, 15910
7383, 3909
7384, 6807
7386, 1956
7387, 2236
7388, 3762
7389, 796
7390, 18906
7391, 1317
7393, 393
7394, 3639
7395, 2771
7396, 959
7397, 1205
7398, 1375
7399, 3040
7400, 2202
7401, 6503
7402, 5677
7403, 1508
7404, 465
7405, 1650
7406, 4171
7407, 4324
7408, 3940
7409, 291
7410, 1037
7411, 4242
7412, 3635
7413, 789
7414, 4394
7415, 4468
7416, 3139
7417, 839
7418, 1151
7419, 1171
7420, 833
7421, 1637
7422, 1501
7423, 3304
7424, 863
7425, 552
7426, 893
7427, 8403
7428, 612
7429, 104
7430, 8113
7431, 4486
7432, 16109
7434, 3225
7435, 1290
7436, 2088
7437, 6074
7438, 2424
7439, 2015
7440, 690
7441, 893
7442, 22054
7443, 4053
7444, 2231
7445, 3604
7446, 1671
7447, 5320
7448, 884
7449, 1573
7450, 3080
7451, 3388
7452, 1261
7453, 1139
7454, 5420
7455, 2431
7456, 7370
7457, 2810
7458, 2624
7459, 5123
7460, 1393
7461, 2681
7462, 3507
7463, 2251
7464, 2149
7465, 981
7466, 1336
7467, 8187
7468, 2741
7469, 3483
7470, 2403
7471, 1758
7472, 938
7474, 813
7475, 7566
7476, 1391
7478, 2092
7479, 2488
7480, 843
7481, 1329
7482, 1010
7483, 4218
7484, 2956
7485, 605
7486, 5565
7487, 1578
7488, 3673
7489, 5272
7490, 6705
7491, 2177
7492, 616
7493, 2003
7494, 5824
7495, 2573
7496, 625
7497, 2290
7498, 1443
7499, 5778
7500, 1502
7501, 1624
7502, 6575
7503, 7823
7504, 2462
7505, 393
7506, 329
7507, 3820
7508, 2210
7509, 8889
7510, 2125
7511, 1992
7512, 1561
7513, 1822
7514, 1761
7515, 4731
7516, 1624
7517, 1789
7518, 1967
7520, 626
7521, 739
7522, 3645
7523, 3395
7524, 1281
7525, 1614
7526, 5778
7527, 3120
7528, 22484
7529, 3739
7530, 3623
7531, 3047
7532, 1239
7533, 2249
7534, 2034
7535, 349
7536, 1727
7537, 2557
7538, 1376
7539, 820
7540, 4095
7541, 693
7542, 10438
7543, 1790
7544, 782
7545, 5109
7546, 418
7547, 7266
7548, 3678
7549, 3220
7550, 7780
7551, 1557
7552, 6006
7553, 1768
7554, 4753
7555, 8288
7556, 1325
7557, 3369
7558, 719
7559, 946
7560, 2952
7561, 685
7562, 8719
7563, 982
7564, 408
7565, 3019
7566, 1267
7567, 4173
7568, 4162
7569, 2864
7570, 9999
7571, 997
7572, 1205
7573, 824
7574, 2693
7575, 874
7576, 2064
7577, 3484
7578, 1521
7579, 6357
7580, 6075
7581, 882
7582, 429
7583, 881
7584, 2517
7585, 334
7587, 975
7588, 9754
7589, 4132
7590, 1014
7591, 953
7592, 358
7593, 4512
7594, 1511
7595, 2311
7596, 5116
7597, 1586
7598, 1712
7599, 3339
7600, 20325
7601, 1849
7602, 3663
7603, 22148
7604, 3781
7605, 1338
7606, 979
7607, 1694
7608, 960
7609, 1850
7610, 1665
7611, 5234
7612, 2317
7613, 1863
7614, 4488
7615, 878
7616, 8673
7617, 728
7618, 2658
7619, 1598
7620, 4059
7621, 734
7622, 12915
7623, 1897
7624, 6196
7625, 2067
7626, 1830
7627, 1079
7628, 1647
7629, 38090
7630, 2641
7631, 404
7632, 12167
7633, 2404
7634, 687
7635, 2927
7636, 2783
7638, 3707
7639, 4002
7641, 363
7642, 3157
7643, 1122
7644, 1735
7645, 2132
7646, 3248
7647, 2182
7648, 477
7649, 956
7650, 2204
7651, 634
7652, 1347
7653, 1029
7654, 1085
7655, 2658
7656, 3735
7657, 2087
7658, 1320
7659, 482
7660, 5797
7661, 1585
7662, 10236
7663, 2346
7664, 4051
7665, 2039
7666, 12884
7667, 1593
7668, 710
7669, 3095
7670, 734
7671, 2230
7672, 4180
7673, 4025
7674, 1760
7675, 306
7676, 8167
7677, 2184
7678, 518
7679, 14932
7680, 8037
7682, 2575
7683, 472
7684, 840
7685, 1526
7686, 7329
7687, 271
7688, 415
7689, 2065
7690, 2154
7691, 3761
7693, 934
7695, 2651
7696, 1237
7697, 4538
7698, 2984
7699, 1050
7700, 2071
7701, 2221
7702, 20758
7703, 823
7704, 6917
7705, 1238
7706, 876
7707, 2762
7708, 748
7709, 2664
7710, 3443
7711, 5374
7712, 6684
7713, 4781
7714, 6208
7715, 3286
7716, 2634
7717, 949
7718, 519
7719, 2480
7720, 3811
7721, 3225
7722, 4575
7723, 2505
7724, 2035
7725, 1921
7726, 801
7727, 761
7728, 381
7729, 2564
7730, 1325
7731, 1646
7732, 2646
7733, 2114
7734, 4906
7736, 1291
7737, 2728
7738, 2344
7739, 1019
7740, 879
7742, 1094
7743, 1577
7744, 929
7745, 4423
7746, 1027
7748, 1344
7749, 3668
7750, 2599
7751, 2066
7752, 5828
7753, 1175
7754, 2431
7755, 6155
7756, 1846
7757, 3866
7758, 888
7759, 1704
7760, 1064
7761, 6095
7762, 718
7763, 3210
7764, 1183
7765, 9148
7766, 17685
7767, 4619
7768, 7354
7769, 2587
7770, 3816
7771, 15364
7772, 6277
7773, 5127
7774, 537
7775, 897
7776, 13655
7777, 3853
7778, 2141
7779, 1063
7781, 1857
7782, 477
7783, 1462
7784, 5011
7785, 274
7786, 6964
7787, 6472
7788, 1803
7789, 2875
7790, 2882
7791, 758
7792, 927
7793, 1941
7794, 2126
7796, 2457
7797, 4291
7798, 7568
7799, 2267
7801, 3095
7802, 1292
7803, 478
7804, 3873
7805, 9189
7806, 983
7807, 1812
7808, 908
7809, 654
7811, 1568
7812, 8747
7813, 4765
7814, 8725
7815, 1029
7816, 1505
7817, 3556
7818, 3616
7819, 3613
7820, 1303
7821, 14005
7822, 2258
7823, 625
7824, 633
7825, 879
7826, 2526
7827, 1014
7828, 4273
7829, 11144
7830, 2582
7831, 5218
7832, 156
7833, 1358
7834, 3931
7835, 1687
7836, 6193
7837, 4117
7838, 4388
7839, 2306
7840, 4390
7841, 2176
7842, 855
7843, 2232
7844, 1782
7845, 349
7846, 788
7847, 3249
7848, 3062
7849, 878
7850, 967
7851, 8706
7852, 2066
7853, 3066
7854, 491
7855, 2458
7856, 11505
7857, 973
7858, 7242
7859, 540
7860, 1063
7861, 2376
7862, 1045
7863, 2936
7864, 2007
7865, 16029
7866, 2354
7867, 6619
7868, 666
7869, 4053
7870, 5711
7871, 2909
7872, 1376
7873, 7740
7874, 1950
7875, 5274
7876, 1253
7877, 6459
7878, 4753
7879, 9993
7880, 1345
7881, 4256
7882, 4108
7883, 4104
7884, 249
7885, 1413
7887, 660
7888, 528
7889, 1029
7890, 4531
7891, 7768
7892, 4267
7893, 2037
7894, 1355
7895, 6282
7896, 3732
7897, 1230
7898, 720
7899, 7364
7900, 3296
7901, 2171
7902, 1150
7903, 755
7904, 7439
7905, 10076
7906, 3241
7907, 6565
7908, 1795
7909, 2832
7910, 4357
7911, 104
7912, 4487
7913, 3877
7914, 662
7915, 2677
7916, 13488
7917, 1311
7918, 2911
7919, 1756
7920, 2031
7921, 526
7922, 2095
7923, 1227
7924, 1749
7925, 1946
7926, 1378
7927, 6083
7928, 971
7929, 2122
7930, 814
7931, 4210
7932, 916
7933, 1559
7934, 3141
7935, 402
7936, 725
7937, 1256
7938, 3644
7939, 1971
7940, 1443
7941, 7425
7942, 8063
7943, 6039
7944, 7877
7945, 12212
7946, 477
7947, 8578
7948, 1698
7949, 2143
7950, 1182
7951, 183
7952, 539
7953, 2745
7954, 1417
7955, 11652
7956, 909
7957, 729
7958, 4534
7959, 488
7960, 1406
7961, 215
7962, 395
7963, 1662
7964, 1867
7965, 3572
7966, 570
7968, 759
7969, 3107
7970, 5078
7971, 1405
7972, 636
7973, 2709
7974, 13895
7975, 1704
7976, 1719
7977, 4898
7978, 4484
7979, 382
7980, 1885
7981, 1977
7982, 1211
7983, 3338
7984, 693
7985, 1436
7986, 1951
7987, 1975
7988, 2482
7989, 701
7990, 3077
7991, 942
7992, 1838
7993, 6918
7994, 7585
7995, 2467
7996, 13621
7997, 2485
7998, 3883
7999, 9935
8000, 10512
8001, 6171
8002, 11406
8003, 7557
8004, 15358
8005, 11396
8006, 10795
8007, 12585
8008, 19025
8009, 5597
8010, 470
8011, 10321
8012, 4026
8013, 3548
8014, 7177
8015, 812
8016, 14000
8017, 25310
8018, 23114
8019, 1641
8020, 7925
8021, 6130
8022, 1175
8023, 7235
8024, 2047
8025, 17167
8026, 2738
8027, 6276
8028, 5592
8029, 6093
8030, 2289
8031, 972
8032, 5153
8033, 658
8034, 2701
8035, 13493
8036, 5665
8037, 2257
8038, 3907
8039, 1052
8040, 1376
8041, 3228
8042, 5960
8043, 1300
8044, 2856
8045, 417
8046, 1751
8047, 1083
8048, 674
8049, 2179
8050, 12116
8051, 874
8052, 2133
8053, 1584
8054, 938
8055, 902
8056, 13611
8057, 8668
8058, 1181
8059, 1065
8060, 18884
8061, 857
8062, 238
8063, 6454
8064, 7065
8065, 3308
8066, 5045
8067, 2495
8068, 1405
8069, 580
8070, 888
8071, 1314
8072, 1092
8073, 2874
8074, 3347
8075, 6920
8076, 8191
8077, 6710
8078, 14533
8079, 2624
8080, 18335
8081, 2942
8082, 20646
8083, 2292
8084, 932
8085, 460
8086, 3994
8087, 5112
8088, 3790
8089, 14799
8090, 27141
8091, 1686
8092, 4255
8093, 675
8094, 4630
8095, 3072
8096, 2238
8097, 10777
8098, 4026
8099, 5372
8100, 2361
8101, 4059
8102, 505
8103, 261
8104, 4983
8105, 3211
8106, 1007
8107, 3489
8108, 1966
8109, 2584
8110, 4060
8111, 1564
8112, 2702
8113, 3728
8114, 3072
8115, 5325
8116, 1813
8117, 5675
8118, 4559
8119, 1691
8120, 12600
8121, 3597
8122, 1359
8123, 3123
8124, 3622
8125, 5693
8126, 2272
8127, 1510
8128, 2568
8129, 2441
8130, 4200
8131, 3095
8132, 8512
8133, 2797
8134, 1397
8135, 396
8136, 11472
8137, 671
8138, 630
8139, 5841
8140, 8705
8141, 27775
8142, 3004
8143, 736
8144, 1090
8145, 237
8146, 11147
8147, 508
8148, 6091
8149, 3266
8150, 1852
8151, 3749
8152, 2858
8153, 1002
8154, 3526
8155, 1634
8156, 6385
8157, 721
8158, 2292
8159, 908
8160, 6466
8161, 3141
8163, 625
8164, 878
8165, 2778
8166, 14882
8167, 2361
8169, 826
8170, 1797
8171, 1044
8172, 1606
8173, 5300
8174, 1711
8175, 10657
8176, 1624
8177, 985
8178, 285
8179, 935
8180, 1894
8181, 28033
8182, 1347
8183, 442
8184, 4429
8185, 3099
8186, 1835
8187, 961
8188, 8099
8189, 1973
8190, 11521
8191, 6158
8192, 3688
8194, 2657
8195, 340
8196, 4498
8197, 104
8198, 5296
8199, 1135
8200, 802
8202, 2661
8203, 638
8204, 792
8205, 3921
8206, 3114
8207, 6820
8208, 523
8209, 6548
8210, 4577
8211, 2785
8212, 5174
8213, 3885
8214, 1787
8215, 939
8216, 3160
8217, 6168
8220, 222
8221, 337
8222, 12300
8224, 6143
8225, 19674
8226, 998
8227, 2430
8228, 15990
8229, 972
8230, 4344
8231, 232
8232, 10600
8233, 686
8234, 881
8235, 5626
8236, 104
8237, 1886
8238, 2526
8240, 1835
8241, 3686
8242, 1138
8243, 1181
8244, 353
8245, 19177
8246, 1215
8247, 2537
8248, 813
8249, 16118
8250, 4592
8251, 104
8252, 771
8253, 5238
8254, 2878
8255, 2156
8256, 793
8257, 2509
8258, 292
8260, 4559
8261, 2108
8262, 3567
8264, 5283
8265, 10203
8266, 478
8267, 958
8268, 5124
8270, 612
8271, 436
8272, 8039
8273, 55580
8274, 4028
8275, 1992
8276, 4856
8277, 2271
8278, 5229
8279, 753
8280, 3356
8281, 1256
8282, 8004
8283, 509
8284, 2820
8285, 2048
8286, 2595
8287, 104
8290, 2624
8291, 8480
8292, 798
8293, 997
8294, 1920
8295, 984
8296, 1677
8297, 1792
8299, 3645
8300, 10454
8301, 805
8302, 13842
8303, 1049
8304, 1058
8305, 1100
8306, 4931
8307, 18836
8308, 775
8309, 1378
8310, 1678
8311, 1014
8313, 810
8315, 677
8316, 2253
8318, 1834
8319, 3391
8320, 4819
8321, 2037
8322, 682
8323, 1030
8324, 1027
8325, 3313
8326, 741
8327, 2415
8328, 389
8329, 1002
8330, 233
8331, 3376
8332, 509
8333, 1850
8335, 2733
8336, 1668
8337, 751
8338, 1906
8339, 2424
8340, 581
8343, 24321
8344, 1936
8345, 996
8349, 1906
8350, 8499
8353, 439
8354, 607
8355, 571
8356, 1541
8357, 139
8359, 1592
8360, 6697
8362, 1296
8363, 650
8364, 4771
8365, 985
8366, 389
8367, 1037
8368, 446
8369, 1679
8370, 2855
8371, 1030
8372, 755
8373, 1382
8375, 1388
8378, 1492
8379, 337
8380, 815
8381, 2188
8382, 96025
8383, 2912
8384, 5176
8385, 2425
8386, 1451
8388, 5026
8390, 3508
8392, 7802
8393, 978
8394, 1097
8395, 104
8398, 888
8399, 6153
8400, 10321
8401, 471
8402, 1705
8403, 10194
8404, 11573
8405, 104
8407, 754
8408, 577
8409, 951
8410, 7546
8411, 419
8413, 1086
8414, 3233
8416, 16156
8419, 1615
8420, 6238
8421, 5344
8422, 104
8423, 3984
8424, 1688
8425, 4700
8426, 4524
8429, 795
8430, 5131
8432, 584
8433, 349
8434, 1966
8435, 12439
8439, 5300
8440, 6199
8441, 1018
8442, 5991
8443, 9504
8444, 10473
8445, 2454
8446, 965
8447, 5683
8448, 5254
8449, 2568
8450, 11124
8451, 7521
8453, 567
8454, 443
8455, 1597
8457, 17314
8458, 302
8460, 2255
8462, 104
8463, 943
8464, 2900
8465, 3827
8466, 1018
8467, 3749
8468, 782
8469, 12109
8470, 337
8471, 7066
8472, 8225
8474, 237
8475, 925
8477, 6302
8478, 3983
8480, 6933
8481, 860
8482, 1164
8484, 39147
8485, 484
8489, 929
8490, 297
8491, 989
8494, 985
8495, 3037
8498, 224
8499, 4212
8500, 34
8501, 4472
8502, 657
8503, 21528
8504, 4812
8505, 2648
8506, 4920
8507, 4469
8509, 756
8510, 3263
8511, 805
8512, 104
8513, 242
8514, 14225
8515, 991
8519, 2698
8520, 2530
8521, 988
8522, 3119
8523, 2990
8525, 2513
8529, 858
8530, 8572
8532, 512
8535, 11312
8538, 13026
8540, 1828
8541, 3796
8543, 9461
8545, 659
8547, 416
8548, 104
8549, 983
8550, 5172
8551, 4499
8552, 470
8553, 614
8557, 619
8558, 6296
8559, 200
8560, 5189
8564, 999
8566, 1248
8570, 980
8572, 3597
8573, 1897
8575, 3176
8578, 974
8579, 7279
8580, 1972
8581, 1887
8583, 1345
8585, 2178
8587, 2035
8588, 1606
8589, 1006
8590, 1080
8591, 208
8592, 1846
8593, 2534
8594, 713
8595, 2064
8596, 5724
8597, 2402
8598, 3645
8599, 611
8600, 4619
8601, 1343
8605, 19887
8606, 215
8607, 11453
8608, 4152
8611, 3381
8612, 2330
8614, 944
8616, 236
8618, 869
8619, 1799
8620, 5615
8621, 104
8623, 1128
8625, 981
8626, 285
8627, 5186
8630, 378
8632, 7330
8633, 308
8635, 1224
8636, 763
8637, 273
8640, 1013
8642, 10798
8643, 17835
8646, 5513
8650, 5552
8654, 5349
8655, 6360
8656, 3929
8659, 11422
8660, 2605
8661, 152
8662, 2240
8663, 5860
8666, 4419
8668, 1433
8670, 3326
8672, 14671
8675, 1850
8677, 2243
8679, 3119
8680, 5875
8681, 3407
8682, 6788
8684, 600
8685, 995
8686, 1460
8688, 2176
8689, 960
8690, 673
8691, 2446
8692, 971
8696, 6039
8698, 742
8699, 1101
8700, 23879
8701, 5169
8702, 10211
8703, 3651
8704, 1755
8705, 1034
8706, 1021
8707, 1083
8708, 104
8709, 2542
8710, 19334
8711, 12008
8712, 7095
8713, 1540
8714, 1028
8717, 7921
8718, 13985
8719, 260
8720, 2148
8722, 4685
8723, 6982
8724, 3817
8725, 836
8726, 3188
8727, 1844
8728, 525
8729, 104
8730, 974
8732, 3493
8733, 247
8737, 1317
8738, 638
8739, 104
8740, 3156
8742, 866
8744, 1710
8745, 951
8749, 1346
8750, 1627
8755, 1191
8760, 10532
8762, 1138
8764, 104
8765, 1251
8766, 715
8767, 3767
8770, 5660
8771, 827
8772, 815
8773, 2183
8774, 1890
8775, 1150
8776, 4651
8777, 5544
8778, 1590
8779, 1259
8780, 5824
8782, 3221
8784, 5580
8785, 1732
8787, 19387
8788, 4648
8789, 104
8790, 562
8791, 2981
8794, 2343
8795, 104
8797, 6913
8798, 895
8799, 12722
8800, 2796
8801, 1295
8802, 6686
8803, 347
8804, 6992
8805, 1010
8806, 281
8807, 1349
8808, 1094
8809, 959
8810, 6496
8811, 6232
8812, 986
8815, 3210
8816, 1169
8817, 4132
8818, 739
8820, 8757
8822, 14779
8824, 2055
8825, 1156
8826, 1072
8827, 4196
8828, 855
8829, 104
8830, 5913
8831, 3673
8833, 7608
8840, 6729
8843, 8408
8844, 2678
8845, 2151
8846, 421
8848, 1103
8849, 2668
8850, 1259
8851, 3265
8855, 7117
8858, 8029
8860, 2785
8862, 881
8863, 4490
8865, 754
8866, 317
8867, 8025
8868, 798
8869, 2500
8870, 9053
8872, 7666
8873, 735
8875, 2102
8877, 2810
8878, 1285
8879, 3275
8880, 3164
8881, 2618
8882, 11618
8883, 5336
8884, 15111
8885, 833
8886, 4301
8887, 5543
8888, 88211
8889, 14836
8890, 2405
8891, 1146
8892, 821
8893, 327
8894, 4292
8896, 1151
8897, 3537
8898, 3574
8899, 18505
8900, 8316
8901, 11406
8902, 6328
8903, 1424
8904, 1643
8905, 1864
8906, 6068
8907, 1733
8908, 1029
8909, 1592
8910, 3260
8911, 10276
8912, 2745
8913, 1460
8914, 2006
8915, 3267
8916, 1976
8917, 827
8918, 7134
8919, 430
8920, 1971
8921, 504
8922, 12750
8923, 913
8924, 8371
8925, 762
8926, 4709
8927, 571
8928, 737
8929, 6469
8930, 3705
8931, 329
8932, 2186
8933, 921
8934, 3555
8935, 4862
8940, 6669
8941, 2407
8942, 5275
8944, 25471
8945, 4526
8946, 4969
8947, 24075
8949, 878
8950, 350
8951, 349
8952, 3772
8953, 683
8954, 2074
8955, 941
8956, 3723
8958, 1045
8959, 2042
8960, 4852
8961, 8307
8963, 2166
8964, 394
8965, 692
8966, 3909
8967, 641
8968, 1531
8969, 7847
8970, 1169
8971, 5681
8973, 746
8974, 563
8975, 454
8976, 5890
8977, 2678
8978, 882
8979, 2025
8980, 43267
8981, 17012
8983, 1445
8984, 707
8985, 4907
8986, 4173
8987, 7181
8989, 2862
8990, 2479
8991, 3959
8992, 1394
8993, 173
8994, 4863
8995, 2483
8996, 18427
8997, 5741
8998, 1124
8999, 1324
9000, 14
9999, 39
001, 655
002, 784
003, 1730
004, 1399
005, 324
006, 448
007, 470
008, 516
009, 1179
010, 510
011, 473
012, 279
013, 408
015, 364
016, 1538
017, 263
018, 650
019, 670
020, 576
021, 639
022, 811
023, 689
024, 1166
025, 1115
026, 739
027, 857
028, 726
029, 724
030, 1162
031, 2729
032, 1523
033, 1017
034, 1069
035, 1795
036, 877
037, 719
038, 715
039, 4769
040, 1105
041, 851
042, 723
043, 190
044, 469
045, 810
046, 1251
047, 882
048, 759
049, 3839
050, 275
051, 472
052, 932
053, 389
054, 711
055, 954
056, 1235
057, 1105
058, 1010
059, 766
060, 978
061, 939
062, 543
063, 319
064, 537
065, 677
066, 647
067, 927
068, 592
069, 664
070, 780
071, 630
072, 527
073, 924
074, 904
075, 396
076, 1461
077, 693
078, 682
079, 905
080, 681
081, 818
082, 744
083, 1375
084, 793
085, 950
086, 930
087, 477
088, 647
089, 1381
090, 684
091, 385
092, 1853
093, 1348
094, 457
095, 604
096, 1220
097, 1196
098, 572
099, 425